,rmse,time-linalgsolve,rmse_lsa,time-lsa,nn,dataset
0,0.7472424862980166,0.018660800997167826,0.7472424862980166,0.022679816000163555,4,meuse
1,0.5851426708278717,0.019338842001161538,0.5851426708278705,0.02914578199852258,8,meuse
2,0.6550500566974222,0.016812235990073532,0.6550500566974204,0.024158383996109478,16,meuse
3,0.6874844850083061,0.01808013499248773,0.6874844850083086,0.025353660006658174,32,meuse
4,0.6300972380936734,0.01667253799678292,0.6300972380936732,0.027855032996740192,64,meuse
5,0.7545151691985832,0.016124151996336877,0.7545151691985824,0.02149776299484074,4,meuse
6,0.7198324671281342,0.016690428004949354,0.719832467128133,0.022362843999871984,8,meuse
7,0.6585433847439475,0.01735853801073972,0.6585433847439472,0.026862246988457628,16,meuse
8,0.6421903011578309,0.016995885001961142,0.6421903011578307,0.024959841000963934,32,meuse
9,0.698349535636483,0.01741338700230699,0.6983495356364842,0.024753525998676196,64,meuse
10,0.6725326884608391,0.01651162200141698,0.6725326884608388,0.023907396011054516,4,meuse
11,0.7742297535152272,0.016738923004595563,0.7742297535152267,0.022300782991806045,8,meuse
12,0.7123839436438232,0.017134777997853234,0.712383943643825,0.024287101012305357,16,meuse
13,0.7388774384804224,0.01735180598916486,0.7388774384804248,0.025532682993798517,32,meuse
14,0.6517340724559554,0.017486003998783417,0.6517340724559506,0.0266336150089046,64,meuse
15,0.8002911590367124,0.016811003006296232,0.8002911590367114,0.021748127997852862,4,meuse
16,0.7076231282021254,0.018532800997490995,0.7076231282021245,0.022590302003663965,8,meuse
17,0.6696156298719291,0.01724662398919463,0.6696156298719291,0.02677614901040215,16,meuse
18,0.6813081054795476,0.016691881988663226,0.6813081054795512,0.025155187991913408,32,meuse
19,0.5777395443877397,0.017586408008355647,0.5777395443877396,0.024034558999119326,64,meuse
20,0.7957459461912378,0.017016491008689627,0.795745946191238,0.02307988199754618,4,meuse
21,0.6635788367892682,0.02245801201206632,0.6635788367892684,0.02992134800297208,8,meuse
22,0.6611565881679113,0.017596521007362753,0.6611565881679079,0.027055220998590812,16,meuse
23,0.5870241585772576,0.01785271300468594,0.587024158577258,0.02573963499162346,32,meuse
24,0.5953400633606872,0.016595380002399907,0.5953400633606883,0.024907115002861246,64,meuse
25,0.6864355477142693,0.018547902000136673,0.6864355477142693,0.02289014898997266,4,meuse
26,0.7838464520134508,0.016664809998474084,0.7838464520134512,0.023299159001908265,8,meuse
27,0.6391673402671153,0.01742063299752772,0.6391673402671137,0.02542478500981815,16,meuse
28,0.6553074920635541,0.018324081000173464,0.65530749206356,0.025746339990291744,32,meuse
29,0.6590165303120089,0.017402362995198928,0.6590165303120084,0.024364747005165555,64,meuse
30,0.7031805002970323,0.016160819999640808,0.7031805002970327,0.02201989700552076,4,meuse
31,0.5520644242750816,0.01817189800203778,0.5520644242750814,0.02306325000245124,8,meuse
32,0.6947024260595737,0.017563414003234357,0.6947024260595726,0.025777501999982633,16,meuse
33,0.6830168310789102,0.017470581995439716,0.6830168310789101,0.024794092008960433,32,meuse
34,0.6851534199509884,0.01883976100361906,0.6851534199509884,0.025491088003036566,64,meuse
35,0.6326859147214562,0.016913700994336978,0.6326859147214564,0.02255793899530545,4,meuse
36,0.7135735785558973,0.016858231989317574,0.7135735785558974,0.022454028992797248,8,meuse
37,0.6976383629975295,0.018938063003588468,0.6976383629975313,0.0266579239978455,16,meuse
38,0.6485333969851075,0.01726700400467962,0.6485333969851097,0.025933195996913128,32,meuse
39,0.5771450711992312,0.017145139994681813,0.5771450711992293,0.026632681998307817,64,meuse
40,0.6242256933941457,0.01980350899975747,0.6242256933941458,0.022559175005881116,4,meuse
41,0.7338553705467078,0.016486733002238907,0.7338553705467094,0.02326167799765244,8,meuse
42,0.6051104463723727,0.01642575800360646,0.6051104463723711,0.025893527010339312,16,meuse
43,0.5450901531400636,0.01906598499044776,0.5450901531400643,0.026933230998110957,32,meuse
44,0.702472532925313,0.017043363011907786,0.7024725329253134,0.025972746007028036,64,meuse
45,0.6473134799578955,0.01666772000316996,0.6473134799578957,0.021580482003628276,4,meuse
46,0.6760520472939436,0.017755253007635474,0.6760520472939424,0.02282580999599304,8,meuse
47,0.7494528616707505,0.017446344005293213,0.7494528616707591,0.026427534001413733,16,meuse
48,0.6211232791742319,0.016828492007334717,0.6211232791742309,0.02471085100842174,32,meuse
49,0.7170604904843739,0.017576216996531002,0.7170604904843736,0.027119441001559608,64,meuse
50,0.7566227388994842,0.018443100998410955,0.7566227388994844,0.02364743300131522,4,meuse
51,0.768365466421159,0.016533541987882927,0.7683654664211585,0.023064861001330428,8,meuse
52,0.599903102305231,0.017148058002931066,0.599903102305232,0.02692851900064852,16,meuse
53,0.784350467391764,0.017486819997429848,0.7843504673917625,0.026193632002105005,32,meuse
54,0.6289446181508793,0.017642923994571902,0.6289446181508783,0.025985875996411778,64,meuse
55,0.7767706458287523,0.018367461991147138,0.7767706458287527,0.027428482004324906,4,meuse
56,0.6618464759887693,0.016386570991016924,0.6618464759887693,0.021651978997397237,8,meuse
57,0.6318372352500564,0.017400333992554806,0.6318372352500563,0.024078423011815175,16,meuse
58,0.7328680867346803,0.017136578011559322,0.7328680867346812,0.026679881993914023,32,meuse
59,0.6598067996224635,0.01766051100275945,0.6598067996224625,0.0243713910022052,64,meuse
60,0.8130321266294755,0.016375929000787437,0.8130321266294757,0.02291076300025452,4,meuse
61,0.7580846458673449,0.017583082997589372,0.7580846458673447,0.022430202006944455,8,meuse
62,0.7779106623091887,0.01710119700874202,0.7779106623091887,0.024551709997467697,16,meuse
63,0.7629846933848324,0.01707804099714849,0.7629846933848328,0.024943883006926626,32,meuse
64,0.7511044495040745,0.017137886010459624,0.7511044495040722,0.025207963000866584,64,meuse
65,0.6364380746952499,0.016631021004286595,0.6364380746952508,0.02151601000514347,4,meuse
66,0.8512946163183178,0.01642880999133922,0.8512946163183178,0.021958102995995432,8,meuse
67,0.6207720524251148,0.01689560200611595,0.6207720524251162,0.02622390400210861,16,meuse
68,0.6753460798069988,0.017116592003731057,0.675346079807001,0.02398277001339011,32,meuse
69,0.6635727370185984,0.017263740999624133,0.6635727370185989,0.02480527901207097,64,meuse
70,0.7462953034566293,0.01673982699867338,0.746295303456629,0.021735096990596503,4,meuse
71,0.6792745369778879,0.016401737011619844,0.6792745369778875,0.02303975100221578,8,meuse
72,0.6386876622872444,0.017044528998667374,0.638687662287244,0.025548736011842266,16,meuse
73,0.686098199302157,0.01734245200350415,0.6860981993021561,0.025789913997869007,32,meuse
74,0.7023050646009574,0.0171905860042898,0.7023050646009569,0.025515004992485046,64,meuse
75,0.7930365391408506,0.01617744601389859,0.7930365391408511,0.023034885001834482,4,meuse
76,0.5510528643226171,0.015813659003470093,0.5510528643226169,0.02371538600709755,8,meuse
77,0.5354507208603886,0.018081526999594644,0.5354507208603887,0.02597771299770102,16,meuse
78,0.63728629463196,0.01703241099312436,0.6372862946319577,0.025506417005090043,32,meuse
79,0.5126699050886598,0.01750452400301583,0.5126699050886491,0.02494080999167636,64,meuse
80,0.6741339056835212,0.01664428699587006,0.6741339056835208,0.022756819002097473,4,meuse
81,0.7215570195698262,0.016633202991215512,0.7215570195698278,0.023612902994500473,8,meuse
82,0.5966353312670327,0.01814790299977176,0.5966353312670328,0.024526662004063837,16,meuse
83,0.6757497003278854,0.017235385996173136,0.6757497003278865,0.024737699000979774,32,meuse
84,0.6762627238505202,0.01703188799729105,0.6762627238505217,0.025764242993318476,64,meuse
85,0.805709804824209,0.018169767994550057,0.8057098048242078,0.022704821996740066,4,meuse
86,0.7265118961871536,0.01671803199860733,0.7265118961871532,0.02309291200072039,8,meuse
87,0.7093562220134294,0.01705454700277187,0.7093562220134306,0.026566756001557223,16,meuse
88,0.5763568622008073,0.017219378001755103,0.5763568622008101,0.02596600000106264,32,meuse
89,0.6661516582052334,0.017747806996339932,0.6661516582052331,0.02556822200131137,64,meuse
90,0.6804262447849849,0.017339811005513184,0.6804262447849855,0.02285010999185033,4,meuse
91,0.6042799082171739,0.017074288000003435,0.6042799082171738,0.023545602991362102,8,meuse
92,0.6315390100354331,0.017608269001357257,0.6315390100354353,0.026176897998084314,16,meuse
93,0.5632103601875164,0.017236728002899326,0.5632103601875147,0.02651832200353965,32,meuse
94,0.7625167312123259,0.017900516992085613,0.7625167312123228,0.026099806011188775,64,meuse
95,0.6528762107780977,0.016745008004363626,0.652876210778098,0.022458723004092462,4,meuse
96,0.7866159085754622,0.016441119005321525,0.7866159085754624,0.022277155003394,8,meuse
97,0.7285965393954794,0.018209917994681746,0.72859653939548,0.026732876998721622,16,meuse
98,0.5710399168353515,0.01741607800067868,0.5710399168353513,0.02589762800198514,32,meuse
99,0.6538827646309306,0.01746543099579867,0.6538827646309273,0.029476391995558515,64,meuse
100,0.5987664838994237,0.01634423299401533,0.5987664838994236,0.021661499995389022,4,meuse
101,0.6288219119884603,0.017080834004445933,0.6288219119884604,0.023719846998574212,8,meuse
102,0.6764681626059867,0.016665047005517408,0.6764681626059901,0.025552893013809808,16,meuse
103,0.6282304016315959,0.017466121003963053,0.6282304016315952,0.025925911992089823,32,meuse
104,0.6643508078281685,0.01717610099876765,0.664350807828169,0.026039648000732996,64,meuse
105,0.7446205808341239,0.015882096995483153,0.7446205808341237,0.020929966995026916,4,meuse
106,0.5795788708616252,0.017123544996138662,0.5795788708616252,0.023416613999870606,8,meuse
107,0.6751767662716355,0.017380854988005012,0.6751767662716364,0.02523555800144095,16,meuse
108,0.8979366605550687,0.016935132996877655,0.8979366605550663,0.02447843799018301,32,meuse
109,0.6464569713642419,0.0179459200007841,0.6464569713642421,0.02624010300496593,64,meuse
110,0.6850151302773914,0.016286366997519508,0.6850151302773924,0.022677766013657674,4,meuse
111,0.6452066933427667,0.016775483003584668,0.645206693342767,0.023829149999073707,8,meuse
112,0.7635906052412578,0.018819758988684043,0.7635906052412499,0.02573340100934729,16,meuse
113,0.8273780713181634,0.017722127988236025,0.8273780713181629,0.024289947003126144,32,meuse
114,0.6492445429042547,0.017237464009667747,0.6492445429042555,0.025303044996690005,64,meuse
115,0.817082346267176,0.016719290011678822,0.8170823462671756,0.022741608991054818,4,meuse
116,0.6590229082763912,0.02153172600083053,0.6590229082763912,0.029964837987790816,8,meuse
117,0.6597851713163873,0.01731508399825543,0.6597851713163867,0.02523959698737599,16,meuse
118,0.6104155824391551,0.01699780199851375,0.6104155824391513,0.02522539500205312,32,meuse
119,0.6168383037788978,0.017733535001752898,0.6168383037788984,0.02533449200564064,64,meuse
120,0.7599037686497138,0.016307275000144728,0.759903768649714,0.021578048006631434,4,meuse
121,0.819427850735544,0.016406916998676024,0.8194278507355439,0.022857283998746425,8,meuse
122,0.7812738783714125,0.017458582995459437,0.7812738783714076,0.025046012000530027,16,meuse
123,0.7536284085297202,0.017683982994640246,0.753628408529721,0.026349568011937663,32,meuse
124,0.7618155304961971,0.017471248997026123,0.7618155304961987,0.025114920004853047,64,meuse
125,0.657937352659305,0.016136997001012787,0.6579373526593051,0.021232139988569543,4,meuse
126,0.5874893861170645,0.017430181003874168,0.5874893861170659,0.022656840010313317,8,meuse
127,0.5815354843663914,0.016936428990447894,0.5815354843663919,0.024511278999852948,16,meuse
128,0.5502815214500782,0.017546379996929318,0.5502815214500786,0.02695236100407783,32,meuse
129,0.667969905121469,0.01740002199949231,0.6679699051214697,0.025486093989457004,64,meuse
130,0.6532877399523278,0.016649145996780135,0.6532877399523275,0.022166743001434952,4,meuse
131,0.6775727757504589,0.016637476001051255,0.6775727757504567,0.024464817994157784,8,meuse
132,0.6532072332697666,0.017199231995618902,0.6532072332697657,0.02509056800045073,16,meuse
133,0.711346455642362,0.017637172000831924,0.7113464556423609,0.025955069999326952,32,meuse
134,0.6450906839988158,0.0174448809993919,0.645090683998816,0.025723223996465094,64,meuse
135,0.6966621673696408,0.016774543997598812,0.6966621673696405,0.022452367993537337,4,meuse
136,0.7108828334405388,0.01720148698950652,0.7108828334405385,0.02258327200252097,8,meuse
137,0.7738507197840656,0.018426815993734635,0.7738507197840662,0.025824689990258776,16,meuse
138,0.6459036352343711,0.017172359002870508,0.645903635234372,0.025958446000004187,32,meuse
139,0.7636737816432154,0.01670900201133918,0.763673781643212,0.02479978599876631,64,meuse
140,0.6877754176219425,0.016960099004791118,0.6877754176219433,0.02231334600946866,4,meuse
141,0.7985743621571754,0.01730210600362625,0.7985743621571751,0.022044212004402652,8,meuse
142,0.6186806115428862,0.016994738005450927,0.6186806115428903,0.02472577900334727,16,meuse
143,0.5516651767222686,0.01760867499979213,0.5516651767222666,0.025448115993640386,32,meuse
144,0.6595140593340011,0.01722154898743611,0.659514059334001,0.02466110400564503,64,meuse
145,0.6736936530672945,0.01642449699284043,0.6736936530672949,0.021497367997653782,4,meuse
146,0.6685352824686656,0.017411233013262972,0.6685352824686663,0.022954298998229206,8,meuse
147,0.6561555977229727,0.016889923994312994,0.6561555977229786,0.02450624600169249,16,meuse
148,0.7860173361391037,0.01701472999411635,0.7860173361391027,0.024973967010737397,32,meuse
149,0.6202553637889276,0.016750631999457255,0.620255363788928,0.025751672001206316,64,meuse
150,0.6846141049771546,0.016038941001170315,0.6846141049771545,0.020556827992550097,4,meuse
151,0.7765923211351937,0.018853092013159767,0.7765923211351934,0.022637337999185547,8,meuse
152,0.6816670655492455,0.022189455004991032,0.6816670655492457,0.028074285000911914,16,meuse
153,0.725117412343273,0.017202825998538174,0.7251174123432694,0.02419666999776382,32,meuse
154,0.7146217868318238,0.017610427996260114,0.7146217868318275,0.025109802998485975,64,meuse
155,0.7778146199918223,0.01709442600258626,0.7778146199918221,0.02214855799684301,4,meuse
156,0.6621615113651571,0.01637584899435751,0.6621615113651566,0.022177325998200104,8,meuse
157,0.7178916065964703,0.017465951008489355,0.7178916065964712,0.025414054995053448,16,meuse
158,0.5322726690886865,0.01679463700565975,0.5322726690886839,0.025427725006011315,32,meuse
159,0.6048285781882892,0.01696575699315872,0.604828578188288,0.024411501988652162,64,meuse
160,0.7417870345308017,0.016191371993045323,0.7417870345308015,0.020802617000299506,4,meuse
161,0.5993834747230292,0.01723261999723036,0.5993834747230289,0.023746463004499674,8,meuse
162,0.5990101891197109,0.017233806996955536,0.5990101891197109,0.02522953599691391,16,meuse
163,0.7043621342491957,0.016981876993668266,0.7043621342491923,0.02460325699939858,32,meuse
164,0.6619080333311359,0.017033292999258265,0.6619080333311417,0.025419059995329008,64,meuse
165,0.7291628514068831,0.016651658006594516,0.7291628514068828,0.022089518010034226,4,meuse
166,0.6913871278780167,0.01641997399565298,0.6913871278780158,0.023064640001393855,8,meuse
167,0.6621123902249278,0.017057870005373843,0.6621123902249272,0.025445213002967648,16,meuse
168,0.6520187162720624,0.01739393000025302,0.6520187162720606,0.025696044001961127,32,meuse
169,0.5588876913877537,0.017360933998133987,0.558887691387751,0.025820196999120526,64,meuse
170,0.6231771016777355,0.016827117986395024,0.6231771016777361,0.021581868990324438,4,meuse
171,0.7440998554598178,0.017007147995173,0.7440998554598178,0.023395595999318175,8,meuse
172,0.7021930216197239,0.017725569996400736,0.7021930216197214,0.026218280007014982,16,meuse
173,0.6033159176859352,0.017306580994045362,0.6033159176859344,0.025360966988955624,32,meuse
174,0.6938514529358434,0.016955882994807325,0.6938514529358448,0.02592983699287288,64,meuse
175,0.6322745275293367,0.01725276600336656,0.6322745275293368,0.02144212700659409,4,meuse
176,0.6147722733563726,0.016698644001735374,0.6147722733563717,0.022917738009709865,8,meuse
177,0.6955224380000453,0.017948545995750464,0.6955224380000452,0.024175106998882256,16,meuse
178,0.6483739586170782,0.01753904799988959,0.6483739586170785,0.024737776009715162,32,meuse
179,0.5603885447974443,0.018068404009682126,0.5603885447974452,0.025322822999441996,64,meuse
180,0.6670067468358598,0.01695966000261251,0.6670067468358601,0.02145305099838879,4,meuse
181,0.731201386804643,0.01704258999961894,0.7312013868046422,0.02287878999777604,8,meuse
182,0.6422451393732909,0.02116589200159069,0.6422451393732925,0.03114740300225094,16,meuse
183,0.7027115922787925,0.0198972939979285,0.7027115922787923,0.02909008199640084,32,meuse
184,0.6176187885977927,0.017449995008064434,0.6176187885977921,0.026575128009426408,64,meuse
185,0.8312521049353083,0.017845734997536056,0.8312521049353081,0.028906282997922972,4,meuse
186,0.5805120126349729,0.01740995999716688,0.5805120126349723,0.023269151002750732,8,meuse
187,0.6714088637035723,0.018039141010376625,0.6714088637035751,0.0257083829928888,16,meuse
188,0.5967186212104958,0.017071370995836332,0.5967186212104962,0.02514448799774982,32,meuse
189,0.8214729326915969,0.018804393999744207,0.8214729326915985,0.02498406700033229,64,meuse
190,0.7568077752323975,0.016105659000459127,0.7568077752323977,0.021645286004059017,4,meuse
191,0.5993674756281594,0.016409921008744277,0.5993674756281582,0.02212879700527992,8,meuse
192,0.7718946684433793,0.0166735679958947,0.7718946684433798,0.027433702009147964,16,meuse
193,0.650191015390652,0.017070711008273065,0.6501910153906519,0.02470392700342927,32,meuse
194,0.6702480835464204,0.01735659799305722,0.6702480835464204,0.024192783996113576,64,meuse
195,0.6763954961726582,0.01607320801122114,0.6763954961726577,0.022940576993278228,4,meuse
196,0.6326817652474026,0.016803862003143877,0.6326817652474027,0.022008639003615826,8,meuse
197,0.7291812399975107,0.01731145998928696,0.7291812399975143,0.024375007997150533,16,meuse
198,0.6996373279709276,0.017018379003275186,0.6996373279709268,0.025798738992307335,32,meuse
199,0.7275205328854435,0.0175082299974747,0.7275205328854459,0.024422875008895062,64,meuse
200,0.6417447615799473,0.01645697100320831,0.641744761579947,0.021004252004786395,4,meuse
201,0.6872476649412416,0.016604437987552956,0.6872476649412418,0.024758390994975343,8,meuse
202,0.6506641744460283,0.01898571799392812,0.6506641744460263,0.025295547005953267,16,meuse
203,0.636732197101052,0.017751990002579987,0.6367321971010548,0.025001772999530658,32,meuse
204,0.6203928124258749,0.017153200999018736,0.6203928124258737,0.02482254500500858,64,meuse
205,0.6366972366245603,0.01690688398957718,0.6366972366245603,0.021768311999039724,4,meuse
206,0.5968399835533315,0.0169682669948088,0.5968399835533316,0.022511462986585684,8,meuse
207,0.5767474472721743,0.01673998100159224,0.5767474472721662,0.024910918000387028,16,meuse
208,0.575703685327098,0.017759602997102775,0.5757036853270989,0.02667112898780033,32,meuse
209,0.6056028242003678,0.017020115003106184,0.6056028242003689,0.024439853004878387,64,meuse
210,0.6736399332320879,0.016200964004383422,0.6736399332320878,0.021129840999492444,4,meuse
211,0.7167268258160083,0.01724380999803543,0.7167268258160079,0.02506759400421288,8,meuse
212,0.6854276717975379,0.017598594989976846,0.6854276717975377,0.025341981003293768,16,meuse
213,0.7171703315537676,0.01721770499716513,0.7171703315537695,0.024662883006385528,32,meuse
214,0.6434383617948582,0.0179771210096078,0.6434383617948575,0.02625767899735365,64,meuse
215,0.6656351483090475,0.01672758799395524,0.6656351483090468,0.022908525003003888,4,meuse
216,0.6910435285178469,0.016273647008347325,0.6910435285178474,0.022828975997981615,8,meuse
217,0.5553338580510827,0.016933664999669418,0.5553338580510822,0.02674295699398499,16,meuse
218,0.5022755528655871,0.017244301998289302,0.5022755528655868,0.026076765992911533,32,meuse
219,0.5750901858220128,0.017877665988635272,0.5750901858220133,0.02469349800958298,64,meuse
220,0.7509170331769964,0.016313038009684533,0.7509170331769961,0.023366088993498124,4,meuse
221,0.5783960992939148,0.016843379999045283,0.5783960992939144,0.024140416004229337,8,meuse
222,0.6103194482573523,0.018118136998964474,0.6103194482573523,0.025752403002115898,16,meuse
223,0.8857497364739021,0.01811761000135448,0.8857497364738965,0.03503109399753157,32,meuse
224,0.6082361390524477,0.017518971988465637,0.6082361390524472,0.025608046998968348,64,meuse
225,0.6079379961085138,0.016426665999460965,0.6079379961085134,0.022514388998388313,4,meuse
226,0.6450065774478927,0.018022029995336197,0.6450065774478924,0.0228800779877929,8,meuse
227,0.7198148046458075,0.017075841009500436,0.7198148046458057,0.025400731014087796,16,meuse
228,0.6913388499471232,0.01718072900257539,0.691338849947124,0.027535696004633792,32,meuse
229,0.8019000798976801,0.0170397129986668,0.8019000798976822,0.02435861599224154,64,meuse
230,0.5820534478537129,0.01693428700673394,0.5820534478537134,0.021736193011747673,4,meuse
231,0.7441155759245598,0.016880801995284855,0.7441155759245588,0.025521714997012168,8,meuse
232,0.6940183265405548,0.017496539003332146,0.6940183265405706,0.025911689008353278,16,meuse
233,0.6601402713748735,0.016986098999041133,0.6601402713748714,0.026450615012436174,32,meuse
234,0.6242673624807438,0.01693549299670849,0.624267362480743,0.025974243006203324,64,meuse
235,0.6445247646433405,0.01686554700427223,0.6445247646433403,0.022439640000811778,4,meuse
236,0.6147755324827278,0.015953686990542337,0.6147755324827272,0.0222540400136495,8,meuse
237,0.6197827373330339,0.01817288200254552,0.6197827373330351,0.025071732990909368,16,meuse
238,0.6868617143708082,0.018419857995468192,0.6868617143708096,0.02483855199534446,32,meuse
239,0.7168842069838105,0.017574965007952414,0.7168842069838124,0.025543803989421576,64,meuse
240,0.6730752494880878,0.016686995993950404,0.6730752494880877,0.022272476999205537,4,meuse
241,0.7856284082957949,0.01694346401200164,0.7856284082957949,0.02342841398785822,8,meuse
242,0.6685855793351586,0.0169884560018545,0.6685855793351597,0.025248599995393306,16,meuse
243,0.7258283498179187,0.018199351005023345,0.725828349817913,0.02578307800285984,32,meuse
244,0.6324585197502266,0.017075900992495008,0.6324585197502284,0.024745231989072636,64,meuse
245,0.8107129241651279,0.016492040012963116,0.8107129241651283,0.021372717994381674,4,meuse
246,0.6501464246400569,0.017055029995390214,0.6501464246400567,0.023097466997569427,8,meuse
247,0.6193625893224276,0.0174958239949774,0.6193625893224279,0.024042767006903887,16,meuse
248,0.6377959106708488,0.017629523994401097,0.6377959106708495,0.024933289998443797,32,meuse
249,0.586813043005947,0.019503342991811223,0.5868130430059466,0.025229473991203122,64,meuse
250,0.669418352483358,0.016855857989867218,0.6694183524833586,0.021848693999345414,4,meuse
251,0.6488926840431208,0.016574369990848936,0.6488926840431223,0.02401326800463721,8,meuse
252,0.9131827329785078,0.017165482000564225,0.9131827329785167,0.027193778005312197,16,meuse
253,0.8297555567681012,0.017576968006324023,0.8297555567680954,0.026292518989066593,32,meuse
254,0.6919925987843386,0.017456693996791728,0.6919925987843383,0.025759391995961778,64,meuse
255,0.6381660619555864,0.01737241499358788,0.638166061955586,0.0238516129902564,4,meuse
256,0.6491787210737546,0.016570406005484983,0.6491787210737548,0.023409267989336513,8,meuse
257,0.7198769420981393,0.016864050994627178,0.7198769420981385,0.02588352000748273,16,meuse
258,0.6241608108567074,0.017762190007488243,0.6241608108567045,0.026216766011202708,32,meuse
259,0.6185197252150909,0.01869393599918112,0.6185197252150975,0.024889530992368236,64,meuse
260,0.5499404341292425,0.017951975998585112,0.5499404341292422,0.021849108990863897,4,meuse
261,0.5794579255645124,0.016797685995697975,0.5794579255645118,0.023727477004285902,8,meuse
262,0.5848185678454417,0.018953359001898207,0.584818567845442,0.02545213999110274,16,meuse
263,0.6572540500054309,0.017115519003709778,0.657254050005431,0.02421931500430219,32,meuse
264,0.7427875615471,0.017304079010500573,0.7427875615470978,0.025388669993844815,64,meuse
265,0.5738268858617455,0.01637906499672681,0.5738268858617452,0.022687171993311495,4,meuse
266,0.6198681710047962,0.016201531994738616,0.6198681710047956,0.022324976001982577,8,meuse
267,0.6859023388391476,0.016530389999388717,0.6859023388391475,0.025413967014173977,16,meuse
268,0.7007817398963956,0.017735132001689635,0.7007817398963972,0.02602801199827809,32,meuse
269,0.6155201091264624,0.017417118011508137,0.6155201091264553,0.025291630998253822,64,meuse
270,0.7341221257834094,0.016546804996323772,0.7341221257834093,0.021666132990503684,4,meuse
271,0.6520431690523459,0.016932219004957005,0.6520431690523445,0.02353688199946191,8,meuse
272,0.6595746890057432,0.01727239100728184,0.6595746890057447,0.024752807003096677,16,meuse
273,0.6017254849260828,0.017079899000236765,0.6017254849260806,0.02498936800111551,32,meuse
274,0.8491032494381614,0.017073826995329,0.8491032494381621,0.02548361699155066,64,meuse
275,0.7320490883222341,0.01689008201356046,0.7320490883222345,0.021051376999821514,4,meuse
276,0.7152260564376977,0.016255807990091853,0.7152260564376993,0.022167235001688823,8,meuse
277,0.6371641582668329,0.01721296799951233,0.6371641582668301,0.02535156099474989,16,meuse
278,0.7207910428793954,0.018593870001495816,0.7207910428793942,0.024407777993474156,32,meuse
279,0.6123128058797864,0.01766229599888902,0.6123128058797875,0.029066044997307472,64,meuse
280,0.6685667329881942,0.01728119900508318,0.6685667329881942,0.022566608007764444,4,meuse
281,0.6144903959019974,0.016430221003247425,0.6144903959019969,0.022363950003637,8,meuse
282,0.7483002585666702,0.01760552499035839,0.7483002585666697,0.023624409004696645,16,meuse
283,0.7066604486862329,0.01703177799936384,0.7066604486862317,0.025312872996437363,32,meuse
284,0.6664626850815475,0.017088382999645546,0.6664626850815477,0.025469939995673485,64,meuse
285,0.5444227987027463,0.016548803992918693,0.544422798702747,0.021399453005869873,4,meuse
286,0.6075594365664858,0.016200422003748827,0.6075594365664866,0.022537140001077205,8,meuse
287,0.6463474114509907,0.01683578400115948,0.6463474114509882,0.02492285800690297,16,meuse
288,0.6831070472302847,0.01763061000383459,0.683107047230285,0.02464490399870556,32,meuse
289,0.6507143995843041,0.017592510994290933,0.6507143995842999,0.025516116002108902,64,meuse
290,0.7354508650327993,0.016237095012911595,0.7354508650327986,0.021707125997636467,4,meuse
291,0.6582874792619617,0.017369249995681457,0.6582874792619614,0.02378090399724897,8,meuse
292,0.620354281194937,0.01807427300082054,0.6203542811949363,0.02527966198977083,16,meuse
293,0.6143316488150415,0.017547427996760234,0.6143316488150432,0.02466878600534983,32,meuse
294,0.6114004256965201,0.016656869993312284,0.6114004256965195,0.024455012011458166,64,meuse
295,0.7046146364471635,0.01691794399812352,0.704614636447164,0.022477446007542312,4,meuse
296,0.6779967190854332,0.01702403899980709,0.6779967190854331,0.024392024002736434,8,meuse
297,0.6301877236753962,0.017660868004895747,0.6301877236753941,0.02579373901244253,16,meuse
298,0.8408706698523434,0.017456134999520145,0.8408706698523427,0.026018132994067855,32,meuse
299,0.6802530786316136,0.021081485989270732,0.6802530786316124,0.024813708005240187,64,meuse
300,0.9159605240563012,0.01720339199528098,0.9159605240563019,0.021516592998523265,4,meuse
301,0.7248224984562215,0.024855634997948073,0.7248224984562212,0.03338576700480189,8,meuse
302,0.5915383558773532,0.016723633001674898,0.5915383558773556,0.02567840499978047,16,meuse
303,0.7505837737603456,0.01794195499678608,0.7505837737603449,0.02576533799583558,32,meuse
304,0.5953845353913264,0.01850800300599076,0.5953845353913266,0.02595202399243135,64,meuse
305,0.6348446243696528,0.020922230003634468,0.6348446243696519,0.02645151699834969,4,meuse
306,0.955714901703658,0.01670276199001819,0.9557149017036588,0.024514712000382133,8,meuse
307,0.6377734891258189,0.017216460997588,0.6377734891258195,0.024405642005149275,16,meuse
308,0.671873044931297,0.01760565499716904,0.6718730449312973,0.025057613995159045,32,meuse
309,0.5306983817284049,0.017539382999530062,0.530698381728405,0.027167391002876684,64,meuse
310,0.6218221396668084,0.016666826995788142,0.6218221396668084,0.021260913999867626,4,meuse
311,0.6609107245737659,0.017087204003473744,0.6609107245737655,0.022057245994801633,8,meuse
312,0.6061208407163595,0.016938729997491464,0.6061208407163604,0.026040078009827994,16,meuse
313,0.5872761554585753,0.017267540999455377,0.5872761554585729,0.024373575011850335,32,meuse
314,0.6013313949677858,0.023234312000568025,0.6013313949677859,0.032277644000714645,64,meuse
315,0.5612849697658414,0.017626259999815375,0.5612849697658419,0.023348582006292418,4,meuse
316,0.7234677313282666,0.01638297800673172,0.7234677313282663,0.02193943200109061,8,meuse
317,0.5964953181567699,0.017709738996927626,0.5964953181567719,0.02465066399599891,16,meuse
318,0.585579947775246,0.018716666992986575,0.585579947775244,0.026300828001694754,32,meuse
319,0.6019720100612791,0.017349631001707166,0.6019720100612782,0.02507400700415019,64,meuse
320,0.6179889370653676,0.01690199100994505,0.6179889370653678,0.02159060699341353,4,meuse
321,0.6744911591558355,0.017804703005822375,0.674491159155835,0.02331618200696539,8,meuse
322,0.653473706152676,0.017231635996722616,0.6534737061526763,0.024057116999756545,16,meuse
323,0.612076235029866,0.01700832300412003,0.6120762350298655,0.025201073003700003,32,meuse
324,0.6370616259705303,0.01734316699730698,0.6370616259705301,0.026967338999384083,64,meuse
325,0.70099662088387,0.01625475799664855,0.7009966208838708,0.023927051995997317,4,meuse
326,0.7507620269749143,0.016124871995998546,0.7507620269749145,0.0233586450049188,8,meuse
327,0.5285238476580736,0.01678315100434702,0.5285238476580755,0.027140032994793728,16,meuse
328,0.672643668912139,0.017076815987820737,0.6726436689121391,0.025929597992217168,32,meuse
329,0.6492804893418024,0.017456830988521688,0.6492804893418022,0.026476213010028005,64,meuse
330,0.6579812783624656,0.016097950996481813,0.6579812783624659,0.022242621998884715,4,meuse
331,0.6156766713982388,0.016557872004341334,0.6156766713982382,0.0231410220003454,8,meuse
332,0.6514128615191236,0.017882323008961976,0.6514128615191256,0.02512602400383912,16,meuse
333,0.6111061141367261,0.017428741994081065,0.6111061141367249,0.026520605009864084,32,meuse
334,0.6225623964646906,0.017417437004041858,0.6225623964646907,0.025341301996377297,64,meuse
335,0.6264465275908735,0.016405611007940024,0.6264465275908743,0.021142081008292735,4,meuse
336,0.5242154239820992,0.016418290993897244,0.524215423982099,0.022828368993941694,8,meuse
337,0.6542073400309012,0.01705567400495056,0.6542073400309013,0.025320104003185406,16,meuse
338,0.6011018608608527,0.016910721999011002,0.6011018608608537,0.02550634799990803,32,meuse
339,0.6018867884076066,0.018080997993820347,0.6018867884076081,0.025825652002822608,64,meuse
340,0.7753569178781172,0.016189949004910886,0.7753569178781184,0.023086408007657155,4,meuse
341,0.633121973216667,0.016634148007142358,0.6331219732166672,0.023536327993497252,8,meuse
342,0.5321738351572216,0.017608472000574693,0.5321738351572235,0.025003899005241692,16,meuse
343,0.6528551679295607,0.01660452299984172,0.6528551679295627,0.02490332699380815,32,meuse
344,0.6281720266805092,0.01700138399610296,0.6281720266805094,0.025124577005044557,64,meuse
345,0.8660924232607957,0.01657396400696598,0.8660924232607952,0.021084377003717236,4,meuse
346,0.7194682080581922,0.01596084499033168,0.7194682080581928,0.02139453499694355,8,meuse
347,0.7383652602727276,0.017758880989276804,0.738365260272727,0.02587278900318779,16,meuse
348,0.6243331924512492,0.017018354003084823,0.6243331924512495,0.025275985986809246,32,meuse
349,0.5560346544108303,0.01666183499037288,0.5560346544108304,0.02533346600830555,64,meuse
350,0.6236536140734573,0.016812870991998352,0.6236536140734584,0.021216022010776214,4,meuse
351,0.6988094454602976,0.0169515390007291,0.6988094454602968,0.02321958399261348,8,meuse
352,0.6456040975240944,0.0175765869935276,0.6456040975240942,0.025057302991626784,16,meuse
353,0.6529473086554205,0.017122622011811472,0.6529473086554253,0.025571328995283693,32,meuse
354,0.628257224659549,0.01727410599414725,0.6282572246595499,0.024915108006098308,64,meuse
355,0.629507156553441,0.016432564007118344,0.629507156553441,0.022233843003050424,4,meuse
356,0.5982396901773426,0.0165031810029177,0.5982396901773416,0.02227819499967154,8,meuse
357,0.576409730353166,0.017303949993220158,0.5764097303531646,0.02458708999620285,16,meuse
358,0.5499508847035236,0.01705636399856303,0.5499508847035236,0.02447951099020429,32,meuse
359,0.6063729269281701,0.0172028329980094,0.6063729269281702,0.025070325995329767,64,meuse
360,0.7086420909141087,0.01664448599331081,0.7086420909141083,0.020772292002220638,4,meuse
361,0.6819651512730944,0.016701246000593528,0.6819651512730949,0.022912686996278353,8,meuse
362,0.6895920712052985,0.017192222003359348,0.6895920712052996,0.025822348994552158,16,meuse
363,0.7208043221924174,0.01730261999182403,0.7208043221924064,0.02485567999246996,32,meuse
364,0.644609951271423,0.017512013000668958,0.644609951271422,0.024729266995564103,64,meuse
365,0.6351930145365342,0.016242148994933814,0.6351930145365342,0.021711373992729932,4,meuse
366,0.6297577771679139,0.016709215997252613,0.6297577771679137,0.021896316000493243,8,meuse
367,0.8377943190582051,0.01706337100767996,0.8377943190582133,0.02640954899834469,16,meuse
368,0.6384848842566319,0.016989199008094147,0.6384848842566293,0.024724161994527094,32,meuse
369,0.7644075744132751,0.017574922007042915,0.7644075744132726,0.025866568001220003,64,meuse
370,0.7295646333561848,0.016381452995119616,0.7295646333561849,0.02158651201170869,4,meuse
371,0.7138641662135559,0.016768340006819926,0.7138641662135562,0.02370956698723603,8,meuse
372,0.8145502072174473,0.01820116100134328,0.814550207217448,0.024479924992192537,16,meuse
373,0.6092370435188649,0.0232423030101927,0.6092370435188631,0.035841355987940915,32,meuse
374,0.7092258201829372,0.017819245011196472,0.7092258201829421,0.02481994600384496,64,meuse
375,0.8318948383334834,0.016121415988891385,0.8318948383334832,0.021558645996265113,4,meuse
376,0.6546405525392102,0.01632957400579471,0.6546405525392073,0.022704564995365217,8,meuse
377,0.5745392186742868,0.01753450999967754,0.5745392186742849,0.02531823900062591,16,meuse
378,0.6297115096673932,0.017325528999208473,0.6297115096673955,0.025075373996514827,32,meuse
379,0.7265862074211257,0.01821926199772861,0.7265862074211252,0.024930672007030807,64,meuse
380,0.5644748598116052,0.016265007012407295,0.564474859811605,0.021448897998197936,4,meuse
381,0.6500551342953605,0.01747390600212384,0.6500551342953589,0.022470349998911843,8,meuse
382,0.6666523399094313,0.01684598799329251,0.6666523399094308,0.024698908004211262,16,meuse
383,0.6964991394735812,0.017189187012263574,0.6964991394735783,0.02495840699702967,32,meuse
384,0.6971031462896098,0.017616769997403026,0.6971031462896106,0.02560367900878191,64,meuse
385,0.7032803062768606,0.01656728699163068,0.7032803062768607,0.02131263099727221,4,meuse
386,0.5332484747192098,0.01683779200538993,0.5332484747192104,0.022803624990046956,8,meuse
387,0.6677656165838286,0.01713928100070916,0.6677656165838274,0.02505361799558159,16,meuse
388,0.7269157092702849,0.017190036000101827,0.7269157092702859,0.025730256995302625,32,meuse
389,0.7075409606888327,0.017291111013037153,0.7075409606888327,0.025974167001550086,64,meuse
390,0.7483290530242269,0.015751415005070157,0.7483290530242274,0.020898484013741836,4,meuse
391,0.5013375660353825,0.016873125001438893,0.5013375660353814,0.023311741009820253,8,meuse
392,0.7853071879910186,0.017579181003384292,0.785307187991006,0.025745708000613376,16,meuse
393,0.6812619267545668,0.01733738899929449,0.6812619267545673,0.024615931004518643,32,meuse
394,0.5846299643234054,0.017725600002449937,0.5846299643234053,0.025866975003737025,64,meuse
395,0.8290333749084123,0.0163619560044026,0.8290333749084129,0.02121538900246378,4,meuse
396,0.6738916795389787,0.01664469699608162,0.6738916795389795,0.021946426000795327,8,meuse
397,0.5654804201461366,0.017222010006662458,0.5654804201461366,0.025719010998727754,16,meuse
398,0.6460069384396214,0.016976457001874223,0.646006938439624,0.024391819009906612,32,meuse
399,0.5425171203148617,0.01714813700527884,0.542517120314861,0.02538940799422562,64,meuse
400,0.7046948371094042,0.016124418994877487,0.7046948371094068,0.021273958001984283,4,meuse
401,0.7153907006574297,0.01674729499791283,0.7153907006574295,0.022980633002589457,8,meuse
402,0.5435735783051112,0.018038765992969275,0.5435735783051123,0.024827287008520216,16,meuse
403,0.7151366986786492,0.016830267006298527,0.7151366986786493,0.0244322120124707,32,meuse
404,0.7564964569314296,0.017440783994970843,0.7564964569314296,0.024410584999714047,64,meuse
405,0.7885069057940122,0.01589917800447438,0.7885069057940132,0.02171421299863141,4,meuse
406,0.6300304463912381,0.016354988008970395,0.6300304463912375,0.02184145600767806,8,meuse
407,0.5161307934911818,0.01748934701026883,0.5161307934911811,0.026683135991333984,16,meuse
408,0.7202105691692827,0.017459077993407845,0.7202105691692843,0.02676551800686866,32,meuse
409,0.6687810152449789,0.017886582005303353,0.6687810152449778,0.02521742599492427,64,meuse
410,0.7294469211294184,0.017756722998456098,0.7294469211294186,0.020953929008101113,4,meuse
411,0.613459073609038,0.01715364099072758,0.613459073609038,0.02337403300043661,8,meuse
412,0.7872346194586668,0.01743858799454756,0.7872346194586705,0.02519249999022577,16,meuse
413,0.5801701958444333,0.017168416001368314,0.5801701958444327,0.024050705003901385,32,meuse
414,0.634047210723315,0.01757065299898386,0.6340472107233156,0.02588098999694921,64,meuse
415,0.734794614040015,0.0172043280035723,0.7347946140400137,0.021629152004607022,4,meuse
416,0.638080931712115,0.017822120993514545,0.6380809317121147,0.023287440999411047,8,meuse
417,0.7256742905798833,0.01696325998636894,0.7256742905798853,0.02497961100016255,16,meuse
418,0.5765514347261381,0.01770699599001091,0.5765514347261383,0.0268129339965526,32,meuse
419,0.7651220092305718,0.018183521009632386,0.7651220092305708,0.024434762992314063,64,meuse
420,0.7174528863755851,0.015774917003000155,0.7174528863755849,0.020938486995873973,4,meuse
421,0.6942699563532573,0.017045694999978878,0.6942699563532574,0.024244622007245198,8,meuse
422,0.6541055857138335,0.0167774479923537,0.6541055857138337,0.02542394599004183,16,meuse
423,0.6860767868928093,0.016327419987646863,0.686076786892807,0.02460084699850995,32,meuse
424,0.7839633312463492,0.017917428005603142,0.7839633312463492,0.025453739988734014,64,meuse
425,0.6979109908696064,0.01582028799748514,0.6979109908696062,0.021227393997833133,4,meuse
426,0.6435601709374578,0.016187023007660173,0.6435601709374574,0.02244664099998772,8,meuse
427,0.7073134549710501,0.01750813500257209,0.707313454971051,0.026164056995185092,16,meuse
428,0.650928941127972,0.017265399001189508,0.6509289411279761,0.026158270993619226,32,meuse
429,0.5388216248646422,0.01773989100183826,0.5388216248646428,0.024623207995318808,64,meuse
430,0.6219295011207476,0.017935955998837017,0.6219295011207485,0.022348554994096048,4,meuse
431,0.7391469744273749,0.01677114999620244,0.7391469744273753,0.023098679012036882,8,meuse
432,0.49991538745137787,0.016749248999985866,0.4999153874513757,0.0248555709986249,16,meuse
433,0.7198343623010459,0.01738154598569963,0.7198343623010475,0.025570318000973202,32,meuse
434,0.6418829715478458,0.017656276002526283,0.6418829715478426,0.024959254995337687,64,meuse
435,0.5721327229038338,0.016606372999376617,0.5721327229038338,0.021259403001749888,4,meuse
436,0.6221483423433952,0.016972787998383865,0.622148342343395,0.024942428004578687,8,meuse
437,0.6338990044752814,0.01756792899686843,0.6338990044752799,0.02551963899168186,16,meuse
438,0.6447263155824338,0.017890390008687973,0.644726315582437,0.023754309004289098,32,meuse
439,0.627027595730188,0.01744857100129593,0.627027595730188,0.02669226199213881,64,meuse
440,0.522820457578026,0.01638651400571689,0.5228204575780265,0.0218038109887857,4,meuse
441,0.7921222202595125,0.016790473004220985,0.7921222202595141,0.023039457999402657,8,meuse
442,0.6164687310658088,0.01705149799818173,0.6164687310658082,0.025632107004639693,16,meuse
443,0.7571489263488489,0.019800100999418646,0.7571489263488478,0.026266086992109194,32,meuse
444,0.7367244283738322,0.016549552994547412,0.7367244283738341,0.02436308399774134,64,meuse
445,0.688745016438452,0.01598294300492853,0.6887450164384517,0.021024884001235478,4,meuse
446,0.6842880808311153,0.017279830004554242,0.6842880808311158,0.02195654700335581,8,meuse
447,0.6351405906458147,0.018922057992313057,0.6351405906458166,0.025080841005546972,16,meuse
448,0.6955861433240887,0.01688758000091184,0.6955861433240857,0.024329428997589275,32,meuse
449,0.6995571483604903,0.018628397010616027,0.6995571483604898,0.025552988998242654,64,meuse
450,0.6575015337967217,0.016697907994966954,0.6575015337967217,0.02139063300273847,4,meuse
451,0.6801815381347184,0.016817444993648678,0.6801815381347185,0.023207835998618975,8,meuse
452,0.6366281856843555,0.01765277300728485,0.636628185684355,0.026128703000722453,16,meuse
453,0.716825702145411,0.017221260000951588,0.7168257021454106,0.024115534004522488,32,meuse
454,0.7613728464906313,0.017016716999933124,0.7613728464906321,0.02573275499162264,64,meuse
455,0.5544103017850179,0.016570613006479107,0.5544103017850179,0.022769892995711416,4,meuse
456,0.5507508065570723,0.016432586999144405,0.5507508065570731,0.022029895000741817,8,meuse
457,0.616260886751383,0.01697724001132883,0.616260886751383,0.024748777999775484,16,meuse
458,0.6269006163381513,0.01753120799548924,0.6269006163381506,0.02429964899783954,32,meuse
459,0.6154055815392998,0.01709803199628368,0.6154055815393003,0.024713671999052167,64,meuse
460,0.5660296176890691,0.018902802010416053,0.566029617689069,0.02535595498920884,4,meuse
461,0.6896859512680351,0.01683675999811385,0.6896859512680359,0.0225501590030035,8,meuse
462,0.6268673380671982,0.01761025100131519,0.626867338067198,0.025352564989589155,16,meuse
463,0.6690737773799728,0.016461987004731782,0.6690737773799729,0.025379341008374467,32,meuse
464,0.5480945536442056,0.017942313992534764,0.5480945536442022,0.025774569003260694,64,meuse
465,0.7385792840378348,0.017559690997586586,0.738579284037835,0.02228810399537906,4,meuse
466,0.5704526618993573,0.01646827199147083,0.570452661899357,0.024247168010333553,8,meuse
467,0.6592978306892194,0.01693790299759712,0.6592978306892182,0.025688458001241088,16,meuse
468,0.580192075597244,0.016989251991617493,0.580192075597245,0.026279858997440897,32,meuse
469,0.7361352349871532,0.017233683000085875,0.7361352349871542,0.02583618699281942,64,meuse
470,0.5830983350835048,0.01625773099658545,0.5830983350835048,0.02205732700531371,4,meuse
471,0.5640947108535401,0.016585082004894502,0.5640947108535397,0.02295271199545823,8,meuse
472,0.592900568419732,0.016909990008571185,0.5929005684197327,0.02562687499448657,16,meuse
473,0.6725603014866781,0.01718280799104832,0.6725603014866781,0.024838344994350336,32,meuse
474,0.693565403585753,0.01685824700689409,0.6935654035857542,0.026730922996648587,64,meuse
475,0.48675377138896736,0.016395439990446903,0.48675377138896697,0.02190865800366737,4,meuse
476,0.6932321359450886,0.016686735005350783,0.6932321359450867,0.022815904012531973,8,meuse
477,0.7086180463453852,0.017690441993181594,0.7086180463453867,0.02508136299729813,16,meuse
478,0.6501286835247292,0.01949351400253363,0.6501286835247233,0.024637488008011132,32,meuse
479,0.6320048356185353,0.018219816993223503,0.6320048356185368,0.025056057987967506,64,meuse
480,0.6419266224681829,0.015815036997082643,0.6419266224681822,0.020923061994835734,4,meuse
481,0.6029436619996683,0.01844218300539069,0.6029436619996674,0.02259861100174021,8,meuse
482,0.6615694872449466,0.017445232995669357,0.6615694872449431,0.02521245200478006,16,meuse
483,0.6846953355229107,0.017252486999495886,0.6846953355229115,0.02650341000116896,32,meuse
484,0.6321287412428414,0.01724817100330256,0.6321287412428412,0.025176823997753672,64,meuse
485,0.7287263105583748,0.016457933990750462,0.7287263105583748,0.02362603099027183,4,meuse
486,0.6648946358057229,0.01686571199388709,0.6648946358057229,0.022614122994127683,8,meuse
487,0.612844104287518,0.017330899005173706,0.6128441042875165,0.02566037600627169,16,meuse
488,0.7549905273530142,0.017321259001619183,0.7549905273530141,0.025288617005571723,32,meuse
489,0.5501180911717685,0.016750234994105995,0.5501180911717661,0.0246787820069585,64,meuse
490,0.5669556167296059,0.017182815994601697,0.5669556167296059,0.02255732899357099,4,meuse
491,0.7546821318781353,0.017061378006474115,0.7546821318781368,0.02315465699939523,8,meuse
492,0.6310589407770609,0.01690127598703839,0.6310589407770563,0.024273963004816324,16,meuse
493,0.7525095357535643,0.016971983000985347,0.7525095357535652,0.026582667996990494,32,meuse
494,0.6781576141479724,0.017352078008116223,0.6781576141479729,0.025897660001646727,64,meuse
495,0.5861939882092811,0.021980523990350775,0.5861939882092805,0.028083926998078823,4,meuse
496,0.6741251134546096,0.01618538699403871,0.6741251134546099,0.021957122007734142,8,meuse
497,0.5727005290435813,0.017513547994894907,0.5727005290435829,0.0250320909981383,16,meuse
498,0.6375900489589675,0.017241130000911653,0.6375900489589681,0.02632299400283955,32,meuse
499,0.6847733655111458,0.01729217499087099,0.6847733655111465,0.024411414997302927,64,meuse
