,rmse,time-linalgsolve,rmse_lsa,time-lsa,nn,len-train,len-train-lsa,dataset
0,4.196539395336473,0.09864189801737666,4.245325661548624,0.12683179904706776,4,646,689,dem2180-duplicated-coords
1,4.406447046522757,0.0988247029017657,4.384780556671037,0.13253488088957965,8,653,689,dem2180-duplicated-coords
2,4.548951467213098,0.10065693699289113,4.550577148959207,0.15037004800979048,16,653,689,dem2180-duplicated-coords
3,4.7028525314645435,0.11381757399067283,4.702832262575695,0.19811034202575684,32,655,689,dem2180-duplicated-coords
4,4.715868415271288,0.14032119000330567,4.716304766793871,0.3908864969853312,64,665,689,dem2180-duplicated-coords
5,23.018278811490774,0.21511606394778937,21.063286144391466,1.0570959750330076,128,648,689,dem2180-duplicated-coords
6,312.41860932301194,0.506328123039566,782.7612531276983,3.4642198520014063,256,658,689,dem2180-duplicated-coords
7,388.5533699973533,1.7998320840997621,786.896005320444,14.75098805502057,512,650,689,dem2180-duplicated-coords
8,4.12595238318325,0.10084382595960051,4.145490332820381,0.12373988004401326,4,655,689,dem2180-duplicated-coords
9,4.609697779563114,0.0962596460012719,4.594393314564689,0.12840047595091164,8,656,689,dem2180-duplicated-coords
10,4.822832185165862,0.10060892801266164,4.8331237428445855,0.1426562750712037,16,650,689,dem2180-duplicated-coords
11,4.595522373479523,0.11260956700425595,4.596213668536004,0.19096233299933374,32,651,689,dem2180-duplicated-coords
12,4.793158610144134,0.13861615397036076,4.7924196575045706,0.37855636794120073,64,642,689,dem2180-duplicated-coords
13,10.93713399844061,0.21014576591551304,54.7911624776861,1.0837433059932664,128,651,689,dem2180-duplicated-coords
14,642.5925543299169,0.5069717919686809,128.4110698147874,3.4928612749790773,256,661,689,dem2180-duplicated-coords
15,531.397327565046,2.439913869020529,1080.8738081157314,17.395053075044416,512,657,689,dem2180-duplicated-coords
16,5.096727760553058,0.10755550698377192,5.106942260158747,0.13473310798872262,4,647,689,dem2180-duplicated-coords
17,4.920141617127099,0.10802498599514365,4.889471385018865,0.1384192779660225,8,657,689,dem2180-duplicated-coords
18,4.935019408488717,0.11124641599599272,4.930699815072929,0.17393813806120306,16,659,689,dem2180-duplicated-coords
19,4.353797358845734,0.11975720804184675,4.350690194018053,0.2069791000103578,32,657,689,dem2180-duplicated-coords
20,5.28981367352121,0.13694801798556,5.290109064716992,0.39703317591920495,64,658,689,dem2180-duplicated-coords
21,8.730364009704845,0.20867307798471302,5.217486525823373,1.0656362229492515,128,655,689,dem2180-duplicated-coords
22,338.99133529822325,0.49973209493327886,204.91395329218997,4.074928267044015,256,654,689,dem2180-duplicated-coords
23,371.2754408884041,2.2212579830083996,1137.528795896724,15.684834511950612,512,653,689,dem2180-duplicated-coords
24,4.803486212266852,0.10865450301207602,4.853056603429744,0.14067464403342456,4,655,689,dem2180-duplicated-coords
25,4.424369211836166,0.10340108897071332,4.422670451071108,0.13569767598528415,8,659,689,dem2180-duplicated-coords
26,4.791837105109017,0.10091206303332001,4.78760668471121,0.14241313398815691,16,653,689,dem2180-duplicated-coords
27,4.786034023326751,0.11337389098480344,4.791928749499911,0.18779343098867685,32,648,689,dem2180-duplicated-coords
28,4.624211852800991,0.14013490790966898,4.623204319960515,0.3846215670928359,64,658,689,dem2180-duplicated-coords
29,83.22138047417353,0.22873683809302747,32.654148434977266,1.0868657371029258,128,655,689,dem2180-duplicated-coords
30,134.03104375610118,0.5172799390275031,899.2804498441224,3.6946676209336147,256,655,689,dem2180-duplicated-coords
31,1677.6927792341903,2.0185898599447682,712.453325398584,16.81505014898721,512,653,689,dem2180-duplicated-coords
32,4.717875900597654,0.10447595792356879,4.823398361276287,0.13939845899585634,4,654,689,dem2180-duplicated-coords
33,4.581056732384618,0.10303840402048081,4.569608363594438,0.1316496580839157,8,653,689,dem2180-duplicated-coords
34,4.376120448458703,0.09909446898382157,4.385389889735423,0.14150151098147035,16,664,689,dem2180-duplicated-coords
35,5.027008680746721,0.11449320008978248,5.030137844138105,0.18699764006305486,32,661,689,dem2180-duplicated-coords
36,4.145156917348837,0.13603509997483343,4.14625041171182,0.3630949850194156,64,648,689,dem2180-duplicated-coords
37,24.470559478673913,0.20539312600158155,20.257231056867315,1.0468763780081645,128,657,689,dem2180-duplicated-coords
38,653.8250280982849,0.49844131304416806,869.9286388083381,3.488009396009147,256,648,689,dem2180-duplicated-coords
39,1023.0835178369808,1.961713140946813,768.3453705787364,15.590026402962394,512,654,689,dem2180-duplicated-coords
40,5.716067923791119,0.10432541102636606,5.723974215622088,0.1349529620492831,4,660,689,dem2180-duplicated-coords
41,4.389912194452649,0.09950222901534289,4.414936945606464,0.13263525790534914,8,651,689,dem2180-duplicated-coords
42,4.61195617267584,0.10762168292421848,4.616649789943526,0.15860523702576756,16,656,689,dem2180-duplicated-coords
43,4.630865838981279,0.12182952300645411,4.638360337425746,0.20670760096982121,32,659,689,dem2180-duplicated-coords
44,4.2917419416259195,0.148454567999579,4.297838470851204,0.4180494169704616,64,654,689,dem2180-duplicated-coords
45,9.53825821918893,0.21598365297541022,11.211885783012406,1.0707518900744617,128,660,689,dem2180-duplicated-coords
46,336.25559630965734,0.4979294629301876,256.05124130288027,3.558620310970582,256,655,689,dem2180-duplicated-coords
47,5761.373234217591,2.143872090964578,1349.2087244426366,17.643450035946444,512,651,689,dem2180-duplicated-coords
48,5.73245090680521,0.10744523291941732,5.777752626887685,0.15356083202641457,4,643,689,dem2180-duplicated-coords
49,4.851959825360671,0.11259162798523903,4.8333537863203295,0.13807697396259755,8,659,689,dem2180-duplicated-coords
50,4.766626417656403,0.10923917300533503,4.768825190077887,0.15602286998182535,16,663,689,dem2180-duplicated-coords
51,4.965358302075544,0.11919440107885748,4.966520149742274,0.19344044500030577,32,660,689,dem2180-duplicated-coords
52,4.9984477845564275,0.206423808936961,4.998454567865845,0.38228190201334655,64,657,689,dem2180-duplicated-coords
53,17.056372617854652,0.33406885899603367,4.794202923973329,1.2329166289418936,128,662,689,dem2180-duplicated-coords
54,282.08476364952946,0.5201835340121761,219.40406563126618,3.613321627024561,256,656,689,dem2180-duplicated-coords
55,550.4593892648384,2.324880387983285,617.0249951335572,15.922101540025324,512,660,689,dem2180-duplicated-coords
56,4.561253978710204,0.10560394602362067,4.5806116696842505,0.1361218710662797,4,667,689,dem2180-duplicated-coords
57,4.4757907962996,0.10136831493582577,4.557522211865107,0.13426067400723696,8,647,689,dem2180-duplicated-coords
58,5.260717173056855,0.09837998007424176,5.253161399157896,0.15724876802414656,16,652,689,dem2180-duplicated-coords
59,5.147995198414946,0.11555296089500189,5.14744126966365,0.1951884189620614,32,660,689,dem2180-duplicated-coords
60,4.767859912798849,0.1385288160527125,4.7688495842150385,0.3840993749909103,64,654,689,dem2180-duplicated-coords
61,29.779619581977272,0.21330497704911977,20.85605330569089,1.1739640510641038,128,651,689,dem2180-duplicated-coords
62,363.90406538986576,0.7687454029219225,2319.9208513373446,3.674234358011745,256,653,689,dem2180-duplicated-coords
63,275.5858100208252,2.4296984949614853,4376.058678056895,16.453282002010383,512,656,689,dem2180-duplicated-coords
64,5.703376127836066,0.11240378301590681,5.74768631492089,0.16280528309289366,4,646,689,dem2180-duplicated-coords
65,4.602199436108558,0.10175693896599114,4.634276452349762,0.13190558494534343,8,652,689,dem2180-duplicated-coords
66,4.166636399228663,0.1011491019744426,4.172733107570092,0.15824921906460077,16,646,689,dem2180-duplicated-coords
67,5.096953281786096,0.12302409100811929,5.105040031054064,0.2532969299936667,32,644,689,dem2180-duplicated-coords
68,5.28760880423573,0.14100397797301412,5.2890409823747575,0.39233769197016954,64,648,689,dem2180-duplicated-coords
69,234.93660794662705,0.2259392139967531,20.29499406643961,1.1332712279399857,128,649,689,dem2180-duplicated-coords
70,166.5968184436387,0.5464110730681568,122.590623811965,3.5602452129824087,256,643,689,dem2180-duplicated-coords
71,2360.9982077243412,1.989340228959918,655.4345908964586,16.359023077995516,512,651,689,dem2180-duplicated-coords
72,4.53593925764118,0.11345831397920847,4.5307133057096385,0.14697240199893713,4,660,689,dem2180-duplicated-coords
73,4.591333738455227,0.1140204289695248,4.57754703100594,0.1408457129728049,8,654,689,dem2180-duplicated-coords
74,5.317858310735292,0.10286203096620739,5.314549629477188,0.15009533695410937,16,656,689,dem2180-duplicated-coords
75,4.284893098663425,0.11020594998262823,4.281392790250284,0.18823806499131024,32,661,689,dem2180-duplicated-coords
76,4.205767635968771,0.13840720907319337,4.204098302954561,0.3695865949848667,64,653,689,dem2180-duplicated-coords
77,56.73120021330137,0.20418700203299522,17.398491209745664,1.0662722230190411,128,666,689,dem2180-duplicated-coords
78,207.61024810855562,0.5069867930142209,108.08435876290905,3.532349123968743,256,657,689,dem2180-duplicated-coords
79,3185.025151595327,2.4124399959109724,772.4506543782514,17.09568799706176,512,666,689,dem2180-duplicated-coords
80,4.615654999831357,0.10372136207297444,4.6159156162519395,0.13155957707203925,4,660,689,dem2180-duplicated-coords
81,4.593192216946823,0.09962250897660851,4.5973723517469045,0.13256240205373615,8,661,689,dem2180-duplicated-coords
82,4.252869310288412,0.09664828795939684,4.243114775965584,0.13466172700282186,16,653,689,dem2180-duplicated-coords
83,4.498701177870721,0.10967368294950575,4.500287575342962,0.19096453802194446,32,660,689,dem2180-duplicated-coords
84,4.606125736003745,0.13785997591912746,4.6071286001623895,0.36997150792740285,64,658,689,dem2180-duplicated-coords
85,129.38496744681666,0.20403738599270582,5.630708836773941,1.0389374169753864,128,657,689,dem2180-duplicated-coords
86,492.9477657493953,0.49386104801669717,506.50761318011484,3.398809330887161,256,654,689,dem2180-duplicated-coords
87,395.2635707310675,1.8378226810600609,4442.227733105734,15.286794662941247,512,657,689,dem2180-duplicated-coords
88,4.962036174434138,0.10920640605036169,4.999255728820156,0.1404781909659505,4,662,689,dem2180-duplicated-coords
89,4.6215043035908865,0.10356854100245982,4.636443439510903,0.1352829539682716,8,663,689,dem2180-duplicated-coords
90,4.351961583203314,0.09994805499445647,4.337822442880514,0.14154971891548485,16,653,689,dem2180-duplicated-coords
91,4.275519010147042,0.10922031500376761,4.276861153294477,0.1849701040191576,32,654,689,dem2180-duplicated-coords
92,5.181104102492787,0.13899784395471215,5.1807959678881055,0.3690945589914918,64,659,689,dem2180-duplicated-coords
93,158.1617953973251,0.2038307290058583,51.40609469272532,1.0392516719875857,128,650,689,dem2180-duplicated-coords
94,214.7177241486572,0.4949854320148006,372.54852690670316,3.424950893037021,256,664,689,dem2180-duplicated-coords
95,330.3427838215146,1.8458260600455105,12134.520329702802,15.329733701073565,512,660,689,dem2180-duplicated-coords
96,4.859431801581469,0.10442887200042605,4.860826942663893,0.14877105492632836,4,655,689,dem2180-duplicated-coords
97,4.956743605778317,0.09971957199741155,4.97801794786817,0.1310475270729512,8,660,689,dem2180-duplicated-coords
98,4.196626290283079,0.09545207896735519,4.187476691337782,0.13658842199947685,16,656,689,dem2180-duplicated-coords
99,5.121168808869661,0.10899988992605358,5.123110691453087,0.1872212429298088,32,653,689,dem2180-duplicated-coords
100,3.9122270842810036,0.1382707009324804,3.913866645190255,0.3695023680338636,64,657,689,dem2180-duplicated-coords
101,9.19549176726815,0.20440007094293833,9.073165768602731,1.05559958005324,128,658,689,dem2180-duplicated-coords
102,1969.507094465541,0.4946632169885561,81.89166149605174,3.4054223709972575,256,659,689,dem2180-duplicated-coords
103,857.7262895733967,1.8500635270029306,3736.464246325829,16.453156011993997,512,655,689,dem2180-duplicated-coords
104,4.827635098829136,0.10575025691650808,4.834354010721417,0.1345524350181222,4,650,689,dem2180-duplicated-coords
105,4.5942934948818115,0.10076476202812046,4.59541748595443,0.13065954600460827,8,655,689,dem2180-duplicated-coords
106,4.724100470973882,0.09973243298009038,4.745216151210935,0.13691854604985565,16,656,689,dem2180-duplicated-coords
107,4.993063961237179,0.11084352305624634,4.992636433012679,0.1867460469948128,32,657,689,dem2180-duplicated-coords
108,4.638082445422044,0.13519946299493313,4.638854617522302,0.3659924860112369,64,670,689,dem2180-duplicated-coords
109,7.576212124331351,0.20397751196287572,8.443317438328547,1.0782189789460972,128,650,689,dem2180-duplicated-coords
110,272.5771354555827,0.5737998969852924,171.57351598838846,3.7379155040252954,256,664,689,dem2180-duplicated-coords
111,166832.59255282034,1.9226944020483643,1350.185719322893,16.41215608001221,512,654,689,dem2180-duplicated-coords
112,5.2331462881253765,0.1073750079376623,5.42377334186964,0.1354871920775622,4,649,689,dem2180-duplicated-coords
113,4.664783528385994,0.1016748599940911,4.62486451820294,0.1321076509775594,8,659,689,dem2180-duplicated-coords
114,4.713306485233926,0.10033614397980273,4.717095226382071,0.14131854695733637,16,651,689,dem2180-duplicated-coords
115,4.836572292609069,0.1102420809911564,4.838178408755431,0.18665985797997564,32,665,689,dem2180-duplicated-coords
116,4.205620282267143,0.1350915569346398,4.205599783936843,0.3682024460285902,64,659,689,dem2180-duplicated-coords
117,28.683125608790185,0.20392237498890609,31.04194881405186,1.1273910760646686,128,655,689,dem2180-duplicated-coords
118,143.7450441711135,0.4963819340337068,1543.7697950321838,3.8241934549296275,256,659,689,dem2180-duplicated-coords
119,468.27056950251654,1.9745626390213147,5399.56100288944,15.771408554981463,512,647,689,dem2180-duplicated-coords
120,4.72803509870074,0.10864681203383952,4.768918009068857,0.13753794401418418,4,664,689,dem2180-duplicated-coords
121,4.681720644619793,0.10258490999694914,4.670971433323085,0.1350209569791332,8,654,689,dem2180-duplicated-coords
122,3.986905528535793,0.10040390898939222,3.978939723014388,0.14233845891430974,16,657,689,dem2180-duplicated-coords
123,4.737493779197418,0.10872147197369486,4.7448953954734385,0.18486865295562893,32,653,689,dem2180-duplicated-coords
124,4.182142254226356,0.13538240897469223,4.182256207416262,0.3767791899153963,64,671,689,dem2180-duplicated-coords
125,5.915319555625263,0.20568079501390457,11.339286830748149,1.0995662399800494,128,653,689,dem2180-duplicated-coords
126,822.9420917672481,0.5261349370703101,3964.04363554363,3.7753728649113327,256,659,689,dem2180-duplicated-coords
127,622.1874880252553,1.878487113979645,1055.543651216528,16.166625067940913,512,659,689,dem2180-duplicated-coords
128,5.174210411337255,0.10729557101149112,5.1566697089004085,0.1366966450586915,4,659,689,dem2180-duplicated-coords
129,5.466888481160546,0.10233090491965413,5.479165235335879,0.13298578292597085,8,662,689,dem2180-duplicated-coords
130,4.348003440479125,0.09873382397927344,4.355915300529709,0.15398565703071654,16,659,689,dem2180-duplicated-coords
131,4.7978493488381755,0.12067718605976552,4.797783873314336,0.20073376595973969,32,652,689,dem2180-duplicated-coords
132,5.044749534375163,0.1405397990019992,5.045626767704507,0.3776971580227837,64,658,689,dem2180-duplicated-coords
133,12.976783562482375,0.21385533909779042,24.182628066837253,1.1017196839675307,128,662,689,dem2180-duplicated-coords
134,406.2140906977761,0.5378000650089234,211.15612549948096,3.7849795849760994,256,655,689,dem2180-duplicated-coords
135,478.746391654971,1.932568455929868,7297.486568488724,15.539260462042876,512,649,689,dem2180-duplicated-coords
136,5.579596571785575,0.1080907869618386,5.6787683030236,0.1363818800309673,4,662,689,dem2180-duplicated-coords
137,4.0639634390909745,0.10133171093184501,4.063329921596671,0.13527621899265796,8,656,689,dem2180-duplicated-coords
138,4.400080463541903,0.09908629208803177,4.4041815842282865,0.1403370889602229,16,660,689,dem2180-duplicated-coords
139,4.491524605848585,0.109484001994133,4.489997618687668,0.1884929930092767,32,655,689,dem2180-duplicated-coords
140,5.871683320888933,0.13475639198441058,5.870044497997297,0.36817933700513095,64,652,689,dem2180-duplicated-coords
141,40.21863558252581,0.20662666799034923,7.837186748001776,1.0529509159969166,128,660,689,dem2180-duplicated-coords
142,517.918302700681,0.49876564904116094,1150.9963826509932,3.5187920330790803,256,660,689,dem2180-duplicated-coords
143,480.2209763275578,1.8798309970879927,1389.55666990736,16.040628253947943,512,663,689,dem2180-duplicated-coords
144,5.562746528332746,0.10782087908592075,5.607624771483958,0.13646781991701573,4,663,689,dem2180-duplicated-coords
145,4.556245624331144,0.10099956800695509,4.554801551256004,0.13301469502039254,8,656,689,dem2180-duplicated-coords
146,4.401098239171499,0.098954988992773,4.410078793558745,0.14048959303181618,16,659,689,dem2180-duplicated-coords
147,4.33933125657258,0.11043615802191198,4.339776454654204,0.18812307599000633,32,659,689,dem2180-duplicated-coords
148,5.5589019552491985,0.13964705599937588,5.561604820344474,0.3736916579073295,64,649,689,dem2180-duplicated-coords
149,8.945244006595411,0.2025752259651199,10.766803297592226,1.0608525490388274,128,650,689,dem2180-duplicated-coords
150,941.0330863798573,0.4955033860169351,331.17716437242353,3.6252668160013855,256,650,689,dem2180-duplicated-coords
151,8085.912507239158,1.940562375006266,751.9936121897401,16.02839622600004,512,651,689,dem2180-duplicated-coords
152,5.627614450919998,0.10509895207360387,5.665059984165489,0.13473542092833668,4,661,689,dem2180-duplicated-coords
153,4.457174933179997,0.10037273401394486,4.458154817010662,0.13240105309523642,8,647,689,dem2180-duplicated-coords
154,4.682440487384519,0.10073172301054001,4.673470762495338,0.1388991349376738,16,648,689,dem2180-duplicated-coords
155,4.7228552618923,0.1108015599893406,4.722919249814873,0.18678182503208518,32,655,689,dem2180-duplicated-coords
156,4.6096747560529066,0.13662326999474317,4.6090185340691106,0.3661963449558243,64,653,689,dem2180-duplicated-coords
157,17.598478944027846,0.20410283701494336,6.983871936480939,1.0437271139817312,128,652,689,dem2180-duplicated-coords
158,477.6427934461887,0.49607836396899074,1779.7519783711682,3.557185559067875,256,654,689,dem2180-duplicated-coords
159,1064.3465488458837,2.283800591947511,5602.003529930138,16.44834374799393,512,651,689,dem2180-duplicated-coords
160,4.913900236131057,0.11192341905552894,4.919270452129491,0.1536425829399377,4,651,689,dem2180-duplicated-coords
161,4.496044496386183,0.11277271702419966,4.502734441104036,0.17651544394902885,8,661,689,dem2180-duplicated-coords
162,4.844808525573632,0.11937595391646028,4.837612557166248,0.17076444195117801,16,657,689,dem2180-duplicated-coords
163,4.639634280806208,0.1256763250567019,4.638166877541251,0.21673518104944378,32,657,689,dem2180-duplicated-coords
164,4.593582284339013,0.16358079807832837,4.596703426622803,0.435372618958354,64,663,689,dem2180-duplicated-coords
165,21.394819006244692,0.2073806329863146,5.9463428530172076,1.0730220440309495,128,662,689,dem2180-duplicated-coords
166,479.85085696210876,0.4963181869825348,372.1504341278816,3.6025389790302143,256,646,689,dem2180-duplicated-coords
167,214.93208579071452,1.9273382079554722,576.3371374847042,16.52113474206999,512,656,689,dem2180-duplicated-coords
168,4.0490076724450175,0.1170234769815579,4.06332757191782,0.14857729605864733,4,651,689,dem2180-duplicated-coords
169,4.340249639101144,0.11122544296085835,4.345058605330991,0.14395250601228327,8,662,689,dem2180-duplicated-coords
170,4.770084795004521,0.10941581905353814,4.776776889591549,0.1498301069950685,16,657,689,dem2180-duplicated-coords
171,4.20066052623643,0.1183900039177388,4.203778846578222,0.21548271097708493,32,648,689,dem2180-duplicated-coords
172,4.591319418211757,0.15943247405812144,4.590810249981094,0.41254469903651625,64,657,689,dem2180-duplicated-coords
173,52.62476888419925,0.2140433150343597,18.249680967122668,1.1171343480236828,128,660,689,dem2180-duplicated-coords
174,265.8953605029857,0.5336908489698544,237.435359400708,4.0589728120248765,256,659,689,dem2180-duplicated-coords
175,1577.3016189382015,2.152648226940073,3703.7285057965064,16.044722707010806,512,657,689,dem2180-duplicated-coords
176,5.513559883453332,0.11014466208871454,5.5042815822718305,0.14422042900696397,4,660,689,dem2180-duplicated-coords
177,4.330232769888731,0.10780807107221335,4.358290569549967,0.14168920402880758,8,661,689,dem2180-duplicated-coords
178,4.554527032935785,0.10406388796400279,4.555423216879724,0.14648017298895866,16,651,689,dem2180-duplicated-coords
179,4.9952200813024685,0.10938405699562281,4.9969487503547,0.1917181620374322,32,653,689,dem2180-duplicated-coords
180,4.273909743837428,0.1390286950627342,4.27435283635253,0.36750156804919243,64,656,689,dem2180-duplicated-coords
181,25.835465393021245,0.20309034804813564,120.17270113600324,1.0730442740023136,128,650,689,dem2180-duplicated-coords
182,790.4934634104502,0.5361128760268912,412.40832091875865,4.121383104007691,256,657,689,dem2180-duplicated-coords
183,13977.193518085258,2.006806394085288,2364.884508482181,15.978575096931309,512,652,689,dem2180-duplicated-coords
184,5.535108906956948,0.10697637498378754,5.51156240613758,0.13930519402492791,4,661,689,dem2180-duplicated-coords
185,4.512205584392214,0.10364491201471537,4.497245870859378,0.1355580419767648,8,661,689,dem2180-duplicated-coords
186,4.386543973762702,0.1019526090240106,4.388792015065114,0.145648954086937,16,658,689,dem2180-duplicated-coords
187,4.384441232720542,0.11014139105100185,4.39470286704107,0.1915654999902472,32,662,689,dem2180-duplicated-coords
188,4.343779413692871,0.13717464497312903,4.3427209991558255,0.3759762889239937,64,662,689,dem2180-duplicated-coords
189,12.007398668338396,0.21228076703846455,8.154218735026225,1.0625616259640083,128,659,689,dem2180-duplicated-coords
190,632.1093405633561,0.498189008096233,149.99887319982187,3.9884213469922543,256,660,689,dem2180-duplicated-coords
191,517.5743458284771,1.9610539160203189,7480.22862334082,16.48750465491321,512,654,689,dem2180-duplicated-coords
192,4.640247732843634,0.11092721205204725,4.614965167943052,0.14267657103482634,4,661,689,dem2180-duplicated-coords
193,5.197889807317237,0.10461156198289245,5.171048919609447,0.1352151039754972,8,659,689,dem2180-duplicated-coords
194,5.037153167126395,0.1084778739605099,5.025767761559642,0.16157743008807302,16,648,689,dem2180-duplicated-coords
195,4.738181458809882,0.12274761206936091,4.740409814276104,0.20378216996323317,32,645,689,dem2180-duplicated-coords
196,4.643017249550506,0.1531960800057277,4.644995298081999,0.4045656390953809,64,653,689,dem2180-duplicated-coords
197,45.88619412739133,0.22872248105704784,7.847933058182108,1.117773642996326,128,666,689,dem2180-duplicated-coords
198,246.47669800648606,0.5067361179972067,218.69625627703255,4.00976033101324,256,654,689,dem2180-duplicated-coords
199,971.7753788411629,2.2381275249645114,313.56359402732306,16.569438704056665,512,665,689,dem2180-duplicated-coords
200,4.921667980262722,0.11068750906269997,4.980086570222678,0.14615457004401833,4,650,689,dem2180-duplicated-coords
201,4.773728345538233,0.10949282697401941,4.756918734010577,0.14090894197579473,8,656,689,dem2180-duplicated-coords
202,4.82290223120254,0.1106905919732526,4.792659975338189,0.14748100098222494,16,649,689,dem2180-duplicated-coords
203,5.336368197615837,0.11461784108541906,5.341149659639364,0.19694943400099874,32,661,689,dem2180-duplicated-coords
204,4.383173025580386,0.13640389905776829,4.382981124489599,0.3743613410042599,64,654,689,dem2180-duplicated-coords
205,40.53829901884047,0.20446219900622964,26.82939374520984,1.0558034969726577,128,655,689,dem2180-duplicated-coords
206,259.3364603735571,0.4955779770389199,245.86445703304992,4.015496390988119,256,644,689,dem2180-duplicated-coords
207,718.0593407770403,1.9699548149947077,1744.1111116269635,16.116320369997993,512,651,689,dem2180-duplicated-coords
208,4.129308479797778,0.10816698300186545,4.156757575481337,0.14245968195609748,4,641,689,dem2180-duplicated-coords
209,4.599571625346792,0.1108881370164454,4.628796125819484,0.14958942797966301,8,655,689,dem2180-duplicated-coords
210,4.0432639186688855,0.11265729297883809,4.050964016238554,0.15722778101917356,16,669,689,dem2180-duplicated-coords
211,4.836904956123921,0.12081715802196413,4.835173879565843,0.214339914964512,32,659,689,dem2180-duplicated-coords
212,4.242259291380086,0.15375187096651644,4.24249871833081,0.40599853498861194,64,657,689,dem2180-duplicated-coords
213,37.97934726822771,0.25630247709341347,46.20794351315681,1.103561172960326,128,659,689,dem2180-duplicated-coords
214,438.7834482763226,0.49057258397806436,271.96363030275813,3.8878586790524423,256,665,689,dem2180-duplicated-coords
215,466.6319935283222,1.9504115500021726,568.7772626103032,16.75454168894794,512,652,689,dem2180-duplicated-coords
216,4.854039319118682,0.11606023099739105,4.936318952056326,0.15160237497184426,4,657,689,dem2180-duplicated-coords
217,4.680432446102998,0.1112784770084545,4.6985192016185024,0.14280113100539893,8,650,689,dem2180-duplicated-coords
218,4.340867345560228,0.11275393597315997,4.3449080199079,0.15983045101165771,16,649,689,dem2180-duplicated-coords
219,4.285587210061568,0.12333021801896393,4.283937928524115,0.20245533098932356,32,657,689,dem2180-duplicated-coords
220,4.425006476412358,0.15019806509371847,4.425887907407763,0.4144948390312493,64,654,689,dem2180-duplicated-coords
221,18.266338601080612,0.23449737892951816,28.109493959741428,1.1537295669550076,128,651,689,dem2180-duplicated-coords
222,275.24286751235957,0.5414486109511927,450.45955230865786,4.24221633200068,256,655,689,dem2180-duplicated-coords
223,476.9184950044904,2.098236892023124,839.426826992159,16.954716690001078,512,656,689,dem2180-duplicated-coords
224,4.35344680080595,0.11594802897889167,4.305454277943755,0.1493816520087421,4,660,689,dem2180-duplicated-coords
225,4.552443836040597,0.10946466599125415,4.559278421651448,0.14407627703621984,8,651,689,dem2180-duplicated-coords
226,5.309583869633921,0.11013844795525074,5.311271857118563,0.15119906095787883,16,657,689,dem2180-duplicated-coords
227,4.563141620989471,0.11232621991075575,4.564629031689344,0.19368946098256856,32,649,689,dem2180-duplicated-coords
228,4.764301144847397,0.13953474105801433,4.763454162736215,0.38367889099754393,64,654,689,dem2180-duplicated-coords
229,6.06025633620258,0.22657209902536124,56.26641347976734,1.155995319946669,128,656,689,dem2180-duplicated-coords
230,112.93051426343565,0.4881272769998759,198.93870985959845,3.9823772909585387,256,659,689,dem2180-duplicated-coords
231,339.2410609702703,2.0217539069708437,1148.9796294250204,16.737430989043787,512,656,689,dem2180-duplicated-coords
232,4.55526245316089,0.11811803292948753,4.580262583140647,0.1514480320038274,4,663,689,dem2180-duplicated-coords
233,5.331855693437825,0.10912220599129796,5.394117518482649,0.14056903694290668,8,660,689,dem2180-duplicated-coords
234,4.439378175168387,0.10526606009807438,4.4424735307112355,0.14690737205091864,16,666,689,dem2180-duplicated-coords
235,4.437621090804107,0.11066362995188683,4.434217896551023,0.1926211160607636,32,652,689,dem2180-duplicated-coords
236,4.317241925660568,0.13817561499308795,4.316847979167376,0.3737074489472434,64,653,689,dem2180-duplicated-coords
237,9.839543086140914,0.2063740190351382,9.780084780201467,1.0643640700727701,128,661,689,dem2180-duplicated-coords
238,273.96195041294305,0.4931672700913623,246.09930340393723,4.1763016959885135,256,653,689,dem2180-duplicated-coords
239,2180.3212264055214,2.475233156932518,2378.292043458727,17.33445401804056,512,663,689,dem2180-duplicated-coords
240,4.859719742853162,0.11302688193973154,4.845667659703322,0.14149912097491324,4,652,689,dem2180-duplicated-coords
241,4.410114652330819,0.10648452898021787,4.40425088268695,0.14234536397270858,8,655,689,dem2180-duplicated-coords
242,4.6343498047959955,0.11045971000567079,4.640360065012789,0.1542020570486784,16,661,689,dem2180-duplicated-coords
243,3.905211431661571,0.11818784906063229,3.905062782039246,0.20344280905555934,32,650,689,dem2180-duplicated-coords
244,4.43968618604987,0.14689615205861628,4.439418034311713,0.40703479398507625,64,663,689,dem2180-duplicated-coords
245,80.91416166248891,0.2429748639697209,71.07610392765162,1.1814934120047837,128,662,689,dem2180-duplicated-coords
246,406.1581880007498,0.5162516400450841,497.5025312852022,3.9557613000506535,256,654,689,dem2180-duplicated-coords
247,11874.444416470811,1.9870116099482402,714.5773695444134,16.58922068506945,512,653,689,dem2180-duplicated-coords
248,4.354645587706464,0.122942860936746,4.404873634572735,0.14902616501785815,4,659,689,dem2180-duplicated-coords
249,4.631451459082841,0.11548642301931977,4.612880758953984,0.15625863906461746,8,654,689,dem2180-duplicated-coords
250,4.054278047494047,0.12197079695761204,4.035728453210068,0.17498971009626985,16,649,689,dem2180-duplicated-coords
251,5.241289674400996,0.14033171196933836,5.242284958408072,0.2351066820556298,32,656,689,dem2180-duplicated-coords
252,4.666205681985612,0.17507325299084187,4.6663145150286764,0.4676698090042919,64,662,689,dem2180-duplicated-coords
253,49.02374176724255,0.25153313390910625,39.9178128417046,1.2681426090421155,128,656,689,dem2180-duplicated-coords
254,73357.72019511834,0.5934687010012567,238.34817568384713,3.9128154430072755,256,664,689,dem2180-duplicated-coords
255,211.53088555446266,2.110082130995579,1381.5815949733974,16.27918893599417,512,657,689,dem2180-duplicated-coords
256,4.732679470673954,0.12133774696849287,4.682998763347283,0.153729418059811,4,659,689,dem2180-duplicated-coords
257,4.470380445035616,0.118900285102427,4.482753329495528,0.16013857792131603,8,663,689,dem2180-duplicated-coords
258,3.774551527605456,0.12273921398445964,3.782851750193267,0.1779786970000714,16,658,689,dem2180-duplicated-coords
259,4.923149049158918,0.1340995259815827,4.922411450580335,0.22959856607485563,32,657,689,dem2180-duplicated-coords
260,4.642635567584452,0.16343496495392174,4.6442443114875,0.45214060705620795,64,654,689,dem2180-duplicated-coords
261,20.452473105041335,0.24004007899202406,243.269288871106,1.1753077439498156,128,656,689,dem2180-duplicated-coords
262,580.7411725269272,0.5266895750537515,357.8263065671511,3.6965267329942435,256,655,689,dem2180-duplicated-coords
263,1199.1143762751221,2.032580610946752,1154.6915675559524,17.48814415896777,512,660,689,dem2180-duplicated-coords
264,5.2088634427376075,0.12430230097379535,5.197941597205522,0.16323263896629214,4,659,689,dem2180-duplicated-coords
265,4.661740404504759,0.12437743390910327,4.644858454617779,0.17244603298604488,8,663,689,dem2180-duplicated-coords
266,4.675411349648075,0.12920098204631358,4.6464816232053,0.18464389897417277,16,650,689,dem2180-duplicated-coords
267,4.738311858699458,0.14490482897963375,4.737202103072284,0.24538234202191234,32,645,689,dem2180-duplicated-coords
268,4.513104561862489,0.18427267705556005,4.514531261431556,0.48976914305239916,64,664,689,dem2180-duplicated-coords
269,8.509997552656753,0.2561069600051269,10.857241766396976,1.259547262918204,128,657,689,dem2180-duplicated-coords
270,702.6490155410225,0.5522713320096955,3133.1196353470195,3.9277119738981128,256,663,689,dem2180-duplicated-coords
271,914.6845366850306,1.9271923309424892,1667.9712094954787,15.808576566982083,512,660,689,dem2180-duplicated-coords
272,4.3456142074573,0.11783033795654774,4.384965589457756,0.15205820300616324,4,655,689,dem2180-duplicated-coords
273,4.04528859261966,0.11821178498212248,4.05071197732021,0.15698863402940333,8,656,689,dem2180-duplicated-coords
274,4.21333580017159,0.12178123602643609,4.222233742881929,0.17433551605790854,16,653,689,dem2180-duplicated-coords
275,4.813523429215809,0.14192358788568527,4.82269654754971,0.2334208800457418,32,658,689,dem2180-duplicated-coords
276,5.066089111438189,0.17340773809701204,5.06331470696089,0.45544058096129447,64,657,689,dem2180-duplicated-coords
277,8.5656687252576,0.25714423693716526,5.5027608365373295,1.2335052859270945,128,659,689,dem2180-duplicated-coords
278,567.6755863452435,0.5671070050448179,185.9884334640807,4.305470459978096,256,648,689,dem2180-duplicated-coords
279,920.1341831820561,1.96588377491571,2286.9048992779767,16.204018438002095,512,658,689,dem2180-duplicated-coords
280,4.413434042752752,0.11487608996685594,4.416312079207391,0.1463955120416358,4,658,689,dem2180-duplicated-coords
281,4.573511571633814,0.1104176250519231,4.620690653704942,0.14809919497929513,8,655,689,dem2180-duplicated-coords
282,4.089887538188633,0.1135355670703575,4.08002126760592,0.16217584803234786,16,659,689,dem2180-duplicated-coords
283,4.261734588056786,0.12653970101382583,4.259445104846902,0.21699261292815208,32,658,689,dem2180-duplicated-coords
284,4.70186167389243,0.15448039397597313,4.700240516271282,0.4172823700355366,64,654,689,dem2180-duplicated-coords
285,21.64633953004802,0.2252799179404974,49.34221140004338,1.1181695229606703,128,653,689,dem2180-duplicated-coords
286,352.271168642563,0.5574580259853974,769.5544194020894,3.925847291946411,256,653,689,dem2180-duplicated-coords
287,2341.523143627498,2.337382166995667,734.3808721256808,18.79532418702729,512,654,689,dem2180-duplicated-coords
288,4.96498801229748,0.11844903905875981,4.958310995622914,0.1491758730262518,4,665,689,dem2180-duplicated-coords
289,4.862388770862037,0.11441192496567965,4.879508765006674,0.15405137103516608,8,655,689,dem2180-duplicated-coords
290,3.9056343791215813,0.11597357003483921,3.902341209029582,0.16751796402968466,16,665,689,dem2180-duplicated-coords
291,4.556419781189594,0.12977693101856858,4.557310035711401,0.22422556404490024,32,649,689,dem2180-duplicated-coords
292,4.478977969129191,0.15462240995839238,4.477552499877035,0.42564383102580905,64,657,689,dem2180-duplicated-coords
293,33.755944244157014,0.23266467405483127,13.227496563357398,1.1440836109686643,128,659,689,dem2180-duplicated-coords
294,426.0406937993084,0.5198707049712539,340.62967857016355,3.7086690471041948,256,661,689,dem2180-duplicated-coords
295,805.8959538715213,1.8878894039662555,855.6145036472105,16.029165729065426,512,657,689,dem2180-duplicated-coords
296,4.654379241688579,0.12310935801360756,4.672020024911774,0.16085506393574178,4,656,689,dem2180-duplicated-coords
297,4.566025080105673,0.12391987000592053,4.622605425392002,0.1672935279784724,8,649,689,dem2180-duplicated-coords
298,4.151256981992838,0.12950422905851156,4.148582987928889,0.18592350999824703,16,659,689,dem2180-duplicated-coords
299,4.498697188884687,0.14592223893851042,4.49560543327976,0.24710465990938246,32,653,689,dem2180-duplicated-coords
300,4.69140498367184,0.18563258601352572,4.691911170058143,0.48028632800560445,64,653,689,dem2180-duplicated-coords
301,56.06095979276234,0.2593916250625625,12.681729236169014,1.258250290993601,128,661,689,dem2180-duplicated-coords
302,813.0363460933025,0.5378457159968093,2207.3103390423785,3.908554704976268,256,658,689,dem2180-duplicated-coords
303,1380.8349830781126,2.047441546106711,995.1895948111172,18.675687371054664,512,653,689,dem2180-duplicated-coords
304,5.19647910495734,0.12578434392344207,5.169536848175431,0.16493092593736947,4,663,689,dem2180-duplicated-coords
305,5.329429279047947,0.12291753699537367,5.350926777541571,0.165229820064269,8,651,689,dem2180-duplicated-coords
306,4.615471747390468,0.12382275389973074,4.6118958990446295,0.17887424398213625,16,664,689,dem2180-duplicated-coords
307,4.2793313945963405,0.13725592207629234,4.278896787792562,0.23662821995094419,32,665,689,dem2180-duplicated-coords
308,4.322330657313188,0.16351761296391487,4.322543741670834,0.44773695000912994,64,652,689,dem2180-duplicated-coords
309,12.061341811047445,0.24241671001072973,51.870143222012146,1.183433530968614,128,662,689,dem2180-duplicated-coords
310,219.31195921440525,0.5277547669829801,265.39782215756685,3.778785113012418,256,654,689,dem2180-duplicated-coords
311,1548.9498065964108,1.9207037230953574,4520.810195902046,17.470353693002835,512,646,689,dem2180-duplicated-coords
312,4.684521399138905,0.12596735497936606,4.708132906120398,0.16215877095237374,4,664,689,dem2180-duplicated-coords
313,3.834036352935373,0.12672590697184205,3.8197610207500667,0.1674589660251513,8,655,689,dem2180-duplicated-coords
314,4.106218664513549,0.12667463708203286,4.117469320448778,0.17766717995982617,16,658,689,dem2180-duplicated-coords
315,4.520076038476235,0.13726564694661647,4.529034854638305,0.2433868939988315,32,655,689,dem2180-duplicated-coords
316,5.474553769631087,0.18253385706339031,5.473560894862249,0.4839363869978115,64,653,689,dem2180-duplicated-coords
317,121.48023998163896,0.2636261470615864,8.65471383844426,1.2572883249958977,128,652,689,dem2180-duplicated-coords
318,301.98381940668554,0.5996241819811985,226.83938842974462,4.007341703982092,256,656,689,dem2180-duplicated-coords
319,4346.590450437076,1.9352773970458657,1179.1487616350282,17.999441765015945,512,661,689,dem2180-duplicated-coords
320,4.165552939096494,0.12727368401829153,4.1743189992944965,0.1666985679185018,4,668,689,dem2180-duplicated-coords
321,4.483379080729984,0.12920676497742534,4.485254916657527,0.1716141700744629,8,659,689,dem2180-duplicated-coords
322,4.626452072470692,0.13866499601863325,4.629611961366879,0.19806820689700544,16,661,689,dem2180-duplicated-coords
323,4.318218512504565,0.16178510489407927,4.3180314618322235,0.2681781550636515,32,660,689,dem2180-duplicated-coords
324,4.365626043590092,0.1903303359868005,4.364946681829095,0.5303942980244756,64,657,689,dem2180-duplicated-coords
325,44.52865035862455,0.3020980659639463,29.170912606613626,1.6060335079673678,128,658,689,dem2180-duplicated-coords
326,631.9473192484596,0.7058473629876971,219.8279075779554,4.48864945396781,256,656,689,dem2180-duplicated-coords
327,3085.3823196969406,2.0182212409563363,5685.570999746302,17.35334580601193,512,658,689,dem2180-duplicated-coords
328,5.56936474940935,0.1192174709867686,5.564520413025333,0.15648662601597607,4,651,689,dem2180-duplicated-coords
329,4.59235779352484,0.1253845829050988,4.584918855346931,0.16739169193897396,8,659,689,dem2180-duplicated-coords
330,4.09366271439041,0.13755383796524256,4.099747778247242,0.19173484109342098,16,661,689,dem2180-duplicated-coords
331,4.451194731660416,0.1613844959065318,4.4505467126289595,0.26851742598228157,32,655,689,dem2180-duplicated-coords
332,4.817221530203163,0.20870023290626705,4.816781546287415,0.5253103569848463,64,656,689,dem2180-duplicated-coords
333,10.848381072258332,0.2772515770047903,13.287721312733227,1.2617176480125636,128,653,689,dem2180-duplicated-coords
334,551.0860072450133,0.5568326390348375,1506.793188373805,3.9146759039722383,256,659,689,dem2180-duplicated-coords
335,867.7064088175342,1.9151557040167972,9336.478657316902,18.202344936085865,512,663,689,dem2180-duplicated-coords
336,4.338998092382232,0.12908241292461753,4.434690144832041,0.1709198709577322,4,656,689,dem2180-duplicated-coords
337,4.798980229303011,0.1330323510337621,4.883558222072355,0.17852033604867756,8,645,689,dem2180-duplicated-coords
338,4.948479469117146,0.13418636098504066,4.952432011844065,0.19353300193324685,16,660,689,dem2180-duplicated-coords
339,4.401996137090848,0.16147109598387033,4.403944122722557,0.2653889530338347,32,660,689,dem2180-duplicated-coords
340,4.562836021370501,0.18807080597616732,4.561447702503644,0.5259655900299549,64,661,689,dem2180-duplicated-coords
341,15.011326439462366,0.28483238897752017,7.438823034142134,1.4532439589966089,128,658,689,dem2180-duplicated-coords
342,251.8698169027286,0.6510563170304522,129.61518715410426,4.825605302932672,256,648,689,dem2180-duplicated-coords
343,499.32360966757216,2.4643425109097734,1280.9212901066471,20.11539097095374,512,652,689,dem2180-duplicated-coords
344,4.69557709252182,0.12530845310539007,4.688993345739627,0.15986286802217364,4,665,689,dem2180-duplicated-coords
345,4.582628415497714,0.11905227496754378,4.588514765338821,0.15769433102104813,8,655,689,dem2180-duplicated-coords
346,4.807452089271059,0.12205051095224917,4.805298068204444,0.17487883393187076,16,654,689,dem2180-duplicated-coords
347,4.70778683176561,0.1427354239858687,4.706786859752651,0.23174283897969872,32,666,689,dem2180-duplicated-coords
348,4.587337912248423,0.17971782409586012,4.586693863775014,0.4715579879703,64,659,689,dem2180-duplicated-coords
349,15.066092602022213,0.27409268100745976,5.4820301504526405,1.3424966220045462,128,653,689,dem2180-duplicated-coords
350,488.6964315812148,0.6369436100358143,175.61524447376829,4.356723802979104,256,656,689,dem2180-duplicated-coords
351,1062.5277352499352,1.9933759700506926,2572.8555993752093,17.28606786392629,512,655,689,dem2180-duplicated-coords
352,5.635740713182787,0.1274912100052461,5.624765717831425,0.16646829096134752,4,656,689,dem2180-duplicated-coords
353,4.870373836441342,0.130436502979137,4.88039024337989,0.17290881602093577,8,657,689,dem2180-duplicated-coords
354,4.935723831788759,0.13527229300234467,4.930072819084011,0.18787919299211353,16,658,689,dem2180-duplicated-coords
355,4.745730247194619,0.1448356859618798,4.747293694948202,0.2474982269341126,32,658,689,dem2180-duplicated-coords
356,4.871838894535694,0.17533246497623622,4.871693645223528,0.48187272099312395,64,660,689,dem2180-duplicated-coords
357,129.280748268324,0.2624200580175966,15.150294915255643,1.2880083280615509,128,668,689,dem2180-duplicated-coords
358,2277.724221434048,0.5606585239293054,2272.535541590826,3.9695312379626557,256,657,689,dem2180-duplicated-coords
359,822.4810503127686,1.9127691939938813,1864.373080542243,17.207427996909246,512,657,689,dem2180-duplicated-coords
360,4.754325560117739,0.11789757607039064,4.8287884777683345,0.15258929505944252,4,659,689,dem2180-duplicated-coords
361,5.306383855085642,0.11995727906469256,5.318570135128534,0.15773116296622902,8,665,689,dem2180-duplicated-coords
362,4.631180270279743,0.12349834595806897,4.622230430227785,0.1835322150727734,16,657,689,dem2180-duplicated-coords
363,4.866560175945086,0.15024167101364583,4.869309667231764,0.24179828690830618,32,659,689,dem2180-duplicated-coords
364,4.515153827228353,0.18357025308068842,4.515576494762939,0.48933674895670265,64,655,689,dem2180-duplicated-coords
365,25.498534915627975,0.2590736539568752,29.67798827543866,1.3406524310121313,128,662,689,dem2180-duplicated-coords
366,482.1681005838624,0.5944885979406536,593.2317689112374,4.233629858004861,256,654,689,dem2180-duplicated-coords
367,351.4391962435017,2.1253106489311904,902.0255933989974,19.45947481098119,512,652,689,dem2180-duplicated-coords
368,4.823784595894181,0.12948377791326493,4.842745775566696,0.17286215198691934,4,658,689,dem2180-duplicated-coords
369,4.349146430975606,0.13957494602072984,4.426256037189964,0.1860680450918153,8,650,689,dem2180-duplicated-coords
370,4.38139069539144,0.14185601298231632,4.3816354154342365,0.19794900296255946,16,652,689,dem2180-duplicated-coords
371,4.581505619831841,0.16195457009598613,4.575037347006679,0.2702259949874133,32,656,689,dem2180-duplicated-coords
372,4.55937303235815,0.19766553305089474,4.55903439423794,0.515897111967206,64,661,689,dem2180-duplicated-coords
373,47.414788486679036,0.2817918269429356,147.89665152093968,1.3266150100389495,128,656,689,dem2180-duplicated-coords
374,511.13291905339315,0.5719915080117062,438.3952555697067,4.566849805996753,256,659,689,dem2180-duplicated-coords
375,766.5591057916345,2.134643384022638,2051.8801950895463,17.121916822041385,512,652,689,dem2180-duplicated-coords
376,4.828383527529748,0.11715243093203753,4.802349522357218,0.15328907407820225,4,660,689,dem2180-duplicated-coords
377,4.650611245462694,0.11748225498013198,4.645437761204962,0.1588547449791804,8,656,689,dem2180-duplicated-coords
378,3.9996992186877756,0.12391226598992944,3.988101158215267,0.17681138904299587,16,659,689,dem2180-duplicated-coords
379,4.428110040278946,0.13739859103225172,4.429290556589226,0.23771260597277433,32,654,689,dem2180-duplicated-coords
380,4.160742115114903,0.169214723049663,4.158958886756538,0.46359304094221443,64,661,689,dem2180-duplicated-coords
381,8.985473673659387,0.24620556994341314,16.675244893793796,1.2547779390588403,128,653,689,dem2180-duplicated-coords
382,1661.9130502363496,0.5440122219733894,1233.2179181075114,4.068259758059867,256,663,689,dem2180-duplicated-coords
383,1185.2387023169538,2.0978303540032357,458.45999483148927,16.98741673096083,512,662,689,dem2180-duplicated-coords
384,6.110514534708674,0.11788574093952775,6.115388688798152,0.15691286791116,4,646,689,dem2180-duplicated-coords
385,4.816769863585714,0.11955451499670744,4.8044721805886,0.16057096293661743,8,662,689,dem2180-duplicated-coords
386,4.796467917126665,0.12040367594454437,4.809928392766926,0.1714680789737031,16,659,689,dem2180-duplicated-coords
387,4.608449984588059,0.13179313391447067,4.6079547774110035,0.22945356694981456,32,664,689,dem2180-duplicated-coords
388,4.1579687298613015,0.15941982704680413,4.158896964046236,0.43792337004560977,64,663,689,dem2180-duplicated-coords
389,70.04393776944671,0.23976399807725102,38.65407522588041,1.1760386289097369,128,658,689,dem2180-duplicated-coords
390,630.6099367507908,0.5170396899338812,1434.214290187888,3.8000902599887922,256,664,689,dem2180-duplicated-coords
391,1275.2146585326711,1.88429807103239,11139.83417470156,15.690590608050115,512,661,689,dem2180-duplicated-coords
392,5.05263251772868,0.1139819259988144,5.144009422302714,0.14810551493428648,4,661,689,dem2180-duplicated-coords
393,5.033373781358413,0.11469485994894058,5.092488772051903,0.15627827600110322,8,654,689,dem2180-duplicated-coords
394,5.486812986498009,0.11837977508548647,5.5019513800505555,0.17103420302737504,16,655,689,dem2180-duplicated-coords
395,4.736147233132372,0.1325319710886106,4.733364414224925,0.22785314393695444,32,656,689,dem2180-duplicated-coords
396,4.3926866184560485,0.1659759939648211,4.391678014509918,0.4404767859959975,64,648,689,dem2180-duplicated-coords
397,6.500932186361827,0.2518143180059269,23.580994609510842,1.1762434539850801,128,653,689,dem2180-duplicated-coords
398,352.1304929542867,0.5452102599665523,3232.290063402566,4.18111928307917,256,658,689,dem2180-duplicated-coords
399,1338.0011868378097,2.0983294579200447,1402.899901317525,17.71995648299344,512,653,689,dem2180-duplicated-coords
400,4.326254941978068,0.11698604293633252,4.380827996366098,0.1525271749123931,4,654,689,dem2180-duplicated-coords
401,4.1750543354708824,0.1186181380180642,4.1742261945137455,0.1592071510385722,8,660,689,dem2180-duplicated-coords
402,4.142301743997777,0.12267012393567711,4.168970144431857,0.17752136301714927,16,658,689,dem2180-duplicated-coords
403,4.55014894772943,0.13740891695488244,4.553872994847359,0.23569941997993737,32,654,689,dem2180-duplicated-coords
404,4.5630894000494395,0.17847706901375204,4.562828774491559,0.46214245806913823,64,651,689,dem2180-duplicated-coords
405,101.08028034262792,0.2651347260689363,28.57112667955476,1.2635666460264474,128,662,689,dem2180-duplicated-coords
406,264.15798646431784,0.5551343779079616,1534.9703643144587,7.786094467970543,256,656,689,dem2180-duplicated-coords
407,9295.678699222843,4.451969221001491,416.70819439646687,15.019141461001709,512,646,689,dem2180-duplicated-coords
408,5.020081416939241,0.09225669398438185,5.044649630523774,0.12055884697474539,4,668,689,dem2180-duplicated-coords
409,4.265229088641893,0.08924376498907804,4.251755361428409,0.11826433904934675,8,654,689,dem2180-duplicated-coords
410,4.013873253770847,0.0992220340995118,4.008968571959394,0.13865799200721085,16,659,689,dem2180-duplicated-coords
411,4.477639919789776,0.11528560589067638,4.477454501185954,0.1874684049980715,32,656,689,dem2180-duplicated-coords
412,5.260934382643359,0.13752264098729938,5.260161321331825,0.3699507340788841,64,659,689,dem2180-duplicated-coords
413,27.64301440322965,0.21012301498558372,58.83958629547437,1.0305424849502742,128,651,689,dem2180-duplicated-coords
414,570.5158327428165,0.4885335259605199,1055.6598448223929,3.35482691496145,256,656,689,dem2180-duplicated-coords
415,521.5804766774377,1.710945767001249,1325.3961458972647,13.861719239037484,512,660,689,dem2180-duplicated-coords
416,5.157706487525436,0.0860650340327993,5.203851920500188,0.11425989505369216,4,655,689,dem2180-duplicated-coords
417,5.213455515699794,0.08916248194873333,5.2380640889623,0.1168089919956401,8,658,689,dem2180-duplicated-coords
418,4.365963758838809,0.09347623307257891,4.375015257127501,0.13047382805962116,16,656,689,dem2180-duplicated-coords
419,5.02570419771431,0.10861237498465925,5.029521356209812,0.1818290400551632,32,655,689,dem2180-duplicated-coords
420,4.596284513520645,0.13469884800724685,4.595744690581391,0.36758335097692907,64,654,689,dem2180-duplicated-coords
421,16.347324744422387,0.20809384598396719,17.844290316946687,1.0514937330735847,128,665,689,dem2180-duplicated-coords
422,117.10531945234588,0.5016897950554267,1560.041796364581,3.3782853529555723,256,658,689,dem2180-duplicated-coords
423,409.9498670783773,1.7208320299396291,395.3794954336703,13.852474239072762,512,658,689,dem2180-duplicated-coords
424,4.575751970553533,0.0906613259576261,4.576939317818021,0.11421737005002797,4,664,689,dem2180-duplicated-coords
425,4.594005321574549,0.09598524298053235,4.602279274179854,0.14609235909301788,8,660,689,dem2180-duplicated-coords
426,5.0386622613125525,0.0939095140201971,5.033526362017094,0.1316045339917764,16,650,689,dem2180-duplicated-coords
427,4.302894640461881,0.11016039201058447,4.305668298927957,0.185326642007567,32,662,689,dem2180-duplicated-coords
428,4.949306860625463,0.13579050998669118,4.950194167610826,0.36087068100459874,64,657,689,dem2180-duplicated-coords
429,34.19074770049633,0.20324630697723478,106.32122433291481,1.038940544007346,128,653,689,dem2180-duplicated-coords
430,2459.8400518236995,0.496973828994669,257.14552997678686,3.3256489309715107,256,651,689,dem2180-duplicated-coords
431,1537.5837528180136,1.7350573550211266,513.1122746845775,14.107633208972402,512,654,689,dem2180-duplicated-coords
432,4.284048820778001,0.10127034899778664,4.311313556566007,0.13014578795991838,4,657,689,dem2180-duplicated-coords
433,3.8775437001290074,0.09628183499444276,3.8755047029047693,0.12746102502569556,8,649,689,dem2180-duplicated-coords
434,4.707501196913092,0.09297848306596279,4.703893860812695,0.13676750799641013,16,647,689,dem2180-duplicated-coords
435,4.689787594234931,0.11006285389885306,4.689198117381924,0.1871457890374586,32,653,689,dem2180-duplicated-coords
436,4.7325563064957255,0.1350882810074836,4.735167360059156,0.36084761295933276,64,651,689,dem2180-duplicated-coords
437,26.25809386843014,0.234002070967108,5.983181207788449,1.1550893919775262,128,654,689,dem2180-duplicated-coords
438,2367.6737568109975,0.6309233100619167,286.62778773684005,4.921185086015612,256,661,689,dem2180-duplicated-coords
439,406.0164616135243,2.2840207029366866,399.70334323372197,16.16115459089633,512,656,689,dem2180-duplicated-coords
440,4.78705296251205,0.1059762870427221,4.8103995787897444,0.1379599099745974,4,658,689,dem2180-duplicated-coords
441,4.726907523950807,0.10313879197929054,4.74098547640856,0.15590016404166818,8,652,689,dem2180-duplicated-coords
442,4.613752677164157,0.11598823696840554,4.6477144206562855,0.15839887305628508,16,660,689,dem2180-duplicated-coords
443,4.629068392194189,0.11992584099061787,4.6259475094234,0.18799257394857705,32,654,689,dem2180-duplicated-coords
444,5.0410393241067295,0.14888762694317847,5.037477315322287,0.3889190189074725,64,659,689,dem2180-duplicated-coords
445,21.7202629987969,0.24268485698848963,14.16192818803517,1.2571930420817807,128,657,689,dem2180-duplicated-coords
446,556.2531123791933,0.5257101870374754,645.630385185877,3.5568125570425764,256,651,689,dem2180-duplicated-coords
447,740.3363731417027,1.9630467119859532,3036.018490905791,16.822345126071014,512,652,689,dem2180-duplicated-coords
448,4.864199030932237,0.11361825501080602,4.92565531720291,0.14795719797257334,4,659,689,dem2180-duplicated-coords
449,4.281950880996036,0.11558590002823621,4.28773276809018,0.15157015493605286,8,653,689,dem2180-duplicated-coords
450,4.298473642688295,0.11613499699160457,4.288225865254196,0.17033559503033757,16,650,689,dem2180-duplicated-coords
451,4.617520952246348,0.12407865503337234,4.618299740620232,0.20330016093794256,32,656,689,dem2180-duplicated-coords
452,4.472643692020285,0.14212084701284766,4.469787148054375,0.3716506080236286,64,653,689,dem2180-duplicated-coords
453,26.850398902555142,0.2073896100046113,5.93230871186721,1.124930270947516,128,663,689,dem2180-duplicated-coords
454,252.9133939554265,0.5267029120586812,704.6446649737933,3.855357563938014,256,656,689,dem2180-duplicated-coords
455,1178.7292394361375,2.3030593919102103,530.6260614715549,16.751246956991963,512,660,689,dem2180-duplicated-coords
456,4.605304908873867,0.1150137729709968,4.693234462929388,0.21198906796053052,4,659,689,dem2180-duplicated-coords
457,4.995235133124196,0.10776933911256492,4.992281834534557,0.14018431003205478,8,656,689,dem2180-duplicated-coords
458,4.789586732567719,0.10455272300168872,4.796078597975984,0.14871805196162313,16,666,689,dem2180-duplicated-coords
459,4.933900391443999,0.11599488998763263,4.931825382466028,0.19553209003061056,32,643,689,dem2180-duplicated-coords
460,4.555450889376409,0.13989015703555197,4.556103798590187,0.38551200996153057,64,644,689,dem2180-duplicated-coords
461,17.335140786818616,0.22038930200506002,21.99471300718453,1.2920493050478399,128,659,689,dem2180-duplicated-coords
462,514.8849753734211,0.5390995669877157,354.29563277689334,3.8146010170457885,256,651,689,dem2180-duplicated-coords
463,468.91793088591356,1.9879812119761482,32858.809368303315,15.68057750700973,512,658,689,dem2180-duplicated-coords
464,5.504536264334074,0.10939081304240972,5.511628033888917,0.14067388197872788,4,645,689,dem2180-duplicated-coords
465,4.6546908959694075,0.10432841896545142,4.626947924418535,0.1373122010845691,8,653,689,dem2180-duplicated-coords
466,4.605693285647637,0.10612308408599347,4.603891414915344,0.15087492298334837,16,659,689,dem2180-duplicated-coords
467,4.5638746313059135,0.1162744500907138,4.563037260550635,0.19548075995407999,32,658,689,dem2180-duplicated-coords
468,4.765753954831944,0.14179004705511034,4.766118530206014,0.39159368991386145,64,658,689,dem2180-duplicated-coords
469,29.995979280582578,0.2363148001022637,11.426012901234374,1.0712163780117407,128,650,689,dem2180-duplicated-coords
470,1312.8760501292597,0.5132167600095272,1156.3258506091886,3.499734957003966,256,653,689,dem2180-duplicated-coords
471,1267.0964908470767,2.0579301320249215,1253.2567507203016,15.670703119016252,512,657,689,dem2180-duplicated-coords
472,4.507572439910962,0.1119113810127601,4.505292409883342,0.14310515101533383,4,664,689,dem2180-duplicated-coords
473,4.189680563913217,0.1051033380208537,4.181335460096922,0.13936777005437762,8,655,689,dem2180-duplicated-coords
474,4.219694805427894,0.10795120103284717,4.241432433010537,0.15198415296617895,16,656,689,dem2180-duplicated-coords
475,4.576101776866626,0.11251752194948494,4.573941343174352,0.19745557894930243,32,650,689,dem2180-duplicated-coords
476,4.592315680369624,0.14028310601133853,4.5887900242724875,0.39015939901582897,64,658,689,dem2180-duplicated-coords
477,31.972181867023814,0.2129656079923734,11.407879502287859,1.0875705149956048,128,658,689,dem2180-duplicated-coords
478,41536.098664443445,0.5181027089711279,872.2503504650206,3.5073316249763593,256,657,689,dem2180-duplicated-coords
479,1154.3349887997626,2.1695654439972714,606.757371367656,15.871886716922745,512,656,689,dem2180-duplicated-coords
480,4.7045449086196145,0.11142103397287428,4.670670886190431,0.1437918390147388,4,651,689,dem2180-duplicated-coords
481,4.50328642787419,0.10779683198779821,4.525749608915398,0.14023861393798143,8,648,689,dem2180-duplicated-coords
482,4.31606180789893,0.10521453700494021,4.321958790304207,0.15358171390835196,16,647,689,dem2180-duplicated-coords
483,4.720402109138568,0.11286321002990007,4.721071638631419,0.19276025507133454,32,649,689,dem2180-duplicated-coords
484,4.47618620573754,0.1409027900081128,4.476121505232655,0.38411867094691843,64,650,689,dem2180-duplicated-coords
485,6.97227918515845,0.21252794296015054,6.322806378669626,1.079435286927037,128,659,689,dem2180-duplicated-coords
486,83813.43517827748,0.5237048369599506,194.8900399875411,3.6848717250395566,256,661,689,dem2180-duplicated-coords
487,1219.859017922556,1.9878736259415746,1077.344491487906,15.869655327987857,512,653,689,dem2180-duplicated-coords
488,4.469216927781833,0.10948530095629394,4.446836040753151,0.1399582390440628,4,657,689,dem2180-duplicated-coords
489,4.847369251739401,0.1037343320203945,4.864253623142783,0.13647472800221294,8,645,689,dem2180-duplicated-coords
490,5.124252754797411,0.10465738992206752,5.1354311502489285,0.15523698111064732,16,665,689,dem2180-duplicated-coords
491,4.548590361578993,0.11525715503375977,4.554547209727692,0.19938695093151182,32,653,689,dem2180-duplicated-coords
492,3.978093093270513,0.14059776405338198,3.977975958139304,0.3872757419012487,64,652,689,dem2180-duplicated-coords
493,435.3290454768766,0.2126633240841329,16.081929493236753,1.0726569419493899,128,654,689,dem2180-duplicated-coords
494,229.44474033747298,0.5283525330014527,543.1177020551785,3.6841010610805824,256,658,689,dem2180-duplicated-coords
495,519.321264579177,2.005959387985058,3724.5868568806354,16.03371450607665,512,665,689,dem2180-duplicated-coords
496,4.9328623866794095,0.1091699069365859,4.960418261920527,0.13903759396634996,4,661,689,dem2180-duplicated-coords
497,4.548160516137357,0.10958344803657383,4.550782031754185,0.15249966992996633,8,660,689,dem2180-duplicated-coords
498,4.961237745031845,0.10701140097808093,4.956629249908892,0.15549640089739114,16,661,689,dem2180-duplicated-coords
499,4.516013371044693,0.11340585409197956,4.516503602897534,0.1988030099309981,32,662,689,dem2180-duplicated-coords
500,4.860569930305398,0.14244320895522833,4.859692985902602,0.3876933209830895,64,655,689,dem2180-duplicated-coords
501,49.72587953502651,0.21187960798852146,776.2229183243209,1.085416564019397,128,655,689,dem2180-duplicated-coords
502,7225.427595897977,0.521343662054278,209.37986869002663,3.7245633779093623,256,660,689,dem2180-duplicated-coords
503,707.010966578438,2.0436013540020213,771.0698215451922,16.024578140932135,512,647,689,dem2180-duplicated-coords
504,5.122822194256905,0.1091295019723475,5.131549938098881,0.1409897090634331,4,656,689,dem2180-duplicated-coords
505,5.041370734198842,0.10511887702159584,5.049112967587727,0.1381800399394706,8,659,689,dem2180-duplicated-coords
506,4.502888930805837,0.10493760695680976,4.493448267856516,0.15494408598169684,16,661,689,dem2180-duplicated-coords
507,4.569552780861503,0.11402899899985641,4.569176155389703,0.19411409099120647,32,654,689,dem2180-duplicated-coords
508,4.797313231398582,0.14258575008716434,4.797224213960998,0.3930590079398826,64,664,689,dem2180-duplicated-coords
509,20.665761575184437,0.21742821694351733,24.4482747836868,1.0864798349794,128,660,689,dem2180-duplicated-coords
510,649.1825963323457,0.5138840789441019,344.9450894729401,3.7009935620008036,256,659,689,dem2180-duplicated-coords
511,1068.1704990128428,2.039558799006045,331.0908922132581,16.089553028927185,512,652,689,dem2180-duplicated-coords
512,5.112596727212675,0.10901700193062425,5.105038355921739,0.1392148300074041,4,653,689,dem2180-duplicated-coords
513,4.440813273617986,0.10525844304356724,4.4594821347451825,0.13670176011510193,8,659,689,dem2180-duplicated-coords
514,4.5824897036548595,0.10381677595432848,4.58678842603152,0.14719368098303676,16,660,689,dem2180-duplicated-coords
515,4.6971387239432225,0.11404028302058578,4.696163786800236,0.19430252898018807,32,664,689,dem2180-duplicated-coords
516,4.6218311563902335,0.1410456239245832,4.620511991335395,0.3818664540303871,64,648,689,dem2180-duplicated-coords
517,75.28588812746557,0.2110807050485164,132.2074075139405,1.0814427610021085,128,660,689,dem2180-duplicated-coords
518,618.71557266513,0.5241185759659857,555.2146526498035,3.7009019390679896,256,659,689,dem2180-duplicated-coords
519,573.8329335191211,2.1392968359868973,1082.39418070599,16.110042943037115,512,653,689,dem2180-duplicated-coords
520,4.380093749831701,0.10993850696831942,4.427403981694804,0.13966394995804876,4,645,689,dem2180-duplicated-coords
521,4.379875184433195,0.10593639593571424,4.371126306920688,0.13699069106951356,8,659,689,dem2180-duplicated-coords
522,4.831953382156285,0.10456182109192014,4.829123201007801,0.14655703294556588,16,653,689,dem2180-duplicated-coords
523,4.623759448471178,0.11399819701910019,4.633021812622866,0.1958841959713027,32,654,689,dem2180-duplicated-coords
524,4.580932191332866,0.13997913000639528,4.578428751967376,0.3799484580522403,64,649,689,dem2180-duplicated-coords
525,16.439354849659484,0.21673601097427309,52.7420427387065,1.0751228989101946,128,648,689,dem2180-duplicated-coords
526,293.647142982571,0.5187648079590872,256.6158123139774,3.767187677905895,256,655,689,dem2180-duplicated-coords
527,895.2631604571582,2.0930067519657314,1574.852644635765,16.16771598509513,512,653,689,dem2180-duplicated-coords
528,4.236765654212863,0.10968148289248347,4.272009785471058,0.14133550599217415,4,660,689,dem2180-duplicated-coords
529,4.5467897486772975,0.10542147909291089,4.556484852124361,0.1386588589521125,8,655,689,dem2180-duplicated-coords
530,4.5145796509428635,0.10805023997090757,4.508096174767751,0.15352827101014555,16,663,689,dem2180-duplicated-coords
531,4.9409078723729465,0.1124302230309695,4.939691767057076,0.1974263780284673,32,653,689,dem2180-duplicated-coords
532,4.086501650115099,0.13983612600713968,4.083563108222145,0.38684152194764465,64,648,689,dem2180-duplicated-coords
533,25.11653950238539,0.2102987919934094,28.63103168090292,1.0665024609770626,128,647,689,dem2180-duplicated-coords
534,1275.47090808448,0.5138109220424667,3581.1975239030066,3.7319436030229554,256,655,689,dem2180-duplicated-coords
535,1258.4179528343957,2.0506126889958978,454.60367678401883,16.165171641041525,512,646,689,dem2180-duplicated-coords
536,4.322007938680503,0.11133480595890433,4.347414141001787,0.14382533892057836,4,649,689,dem2180-duplicated-coords
537,4.082344055159147,0.10541265504434705,4.107363838197689,0.140730986953713,8,647,689,dem2180-duplicated-coords
538,4.582182232367375,0.10534485592506826,4.588325009897316,0.15257659507915378,16,657,689,dem2180-duplicated-coords
539,4.6435062437783525,0.11515597603283823,4.640610326615737,0.19621397997252643,32,657,689,dem2180-duplicated-coords
540,4.5773598048574975,0.1392986929276958,4.5771272773559435,0.38945550296921283,64,650,689,dem2180-duplicated-coords
541,7.085933226956251,0.2141149010276422,7.31616477583382,1.0742261121049523,128,654,689,dem2180-duplicated-coords
542,265.76259323704176,0.5090109489392489,465.0101763489755,3.7889747159788385,256,654,689,dem2180-duplicated-coords
543,1967.171102139824,2.0737121619749814,875.4096722061764,16.330499154049903,512,659,689,dem2180-duplicated-coords
544,4.23616208289549,0.11182693601585925,4.2333818743984395,0.1419194129994139,4,659,689,dem2180-duplicated-coords
545,4.682174838943395,0.10422616894356906,4.682471432300511,0.13865076401270926,8,650,689,dem2180-duplicated-coords
546,3.9284589509095054,0.10389062797185034,3.9216000168321243,0.1456925499951467,16,653,689,dem2180-duplicated-coords
547,4.500168405943824,0.11128401209134609,4.498738703856281,0.1963135179830715,32,642,689,dem2180-duplicated-coords
548,4.450033046668242,0.14118641591630876,4.448976418863055,0.39153019699733704,64,654,689,dem2180-duplicated-coords
549,7.956031568301801,0.2102966329548508,22.639833697154135,1.084013659041375,128,661,689,dem2180-duplicated-coords
550,11005.414683733472,0.5136566980509087,469.2313689847971,3.7808665939373896,256,655,689,dem2180-duplicated-coords
551,1600.8136334898145,2.06065593205858,227.13847429594117,16.021041324012913,512,651,689,dem2180-duplicated-coords
552,4.750883135236456,0.1119911300484091,4.832957076301814,0.14338323299307376,4,655,689,dem2180-duplicated-coords
553,5.427431513975064,0.10790357599034905,5.39824307737994,0.13946036691777408,8,660,689,dem2180-duplicated-coords
554,4.114593132730104,0.10481016000267118,4.105971260442408,0.14657217799685895,16,652,689,dem2180-duplicated-coords
555,4.637698273915865,0.11385576508473605,4.630964458018189,0.1935313519788906,32,662,689,dem2180-duplicated-coords
556,3.9330613855823504,0.1407672360073775,3.9328407351731953,0.39681375899817795,64,658,689,dem2180-duplicated-coords
557,20.69752303490981,0.21452410204801708,5.731243532347995,1.0848795849597082,128,663,689,dem2180-duplicated-coords
558,446.8631388111835,0.5145128570729867,280.98280740345035,3.726936563034542,256,647,689,dem2180-duplicated-coords
559,283.61132105143815,2.0491530400468037,2693.6549639174823,16.075910082901828,512,658,689,dem2180-duplicated-coords
560,3.801041954166733,0.1140020820312202,3.7912939374970884,0.14497010200284421,4,651,689,dem2180-duplicated-coords
561,4.52110719898362,0.10825614898931235,4.520177628286221,0.14160751597955823,8,658,689,dem2180-duplicated-coords
562,4.75321457349123,0.10895965504460037,4.765190001855024,0.14941238495521247,16,652,689,dem2180-duplicated-coords
563,4.523364786814723,0.11529460793826729,4.521799304590326,0.19614694698248059,32,654,689,dem2180-duplicated-coords
564,4.3137471856372045,0.1428204809781164,4.313811428357,0.3911149570485577,64,659,689,dem2180-duplicated-coords
565,10.97140692743463,0.21359583199955523,7.183768936191974,1.086344599025324,128,663,689,dem2180-duplicated-coords
566,565.2762885009876,0.5039855620125309,1981.234839438114,3.727554498007521,256,657,689,dem2180-duplicated-coords
567,488.35622362436254,2.0832618329441175,575.8700009806602,16.50558459397871,512,664,689,dem2180-duplicated-coords
568,4.827244078982478,0.11341970204375684,4.865513074036031,0.14759518101345748,4,652,689,dem2180-duplicated-coords
569,4.7766199649306245,0.1066128199454397,4.8279066240306605,0.14008009992539883,8,655,689,dem2180-duplicated-coords
570,4.433675225595667,0.10683989792596549,4.429073042165894,0.14977970102336258,16,654,689,dem2180-duplicated-coords
571,5.719303974415422,0.11308317596558481,5.720435657695124,0.1991905360482633,32,654,689,dem2180-duplicated-coords
572,4.300535570726567,0.14058785291854292,4.300666373914395,0.39317787101026624,64,658,689,dem2180-duplicated-coords
573,6.8679968626604575,0.21446384396404028,10.986947951522646,1.0810243859887123,128,658,689,dem2180-duplicated-coords
574,247.3089265739926,0.51533483795356,98.21149901564868,3.7333167010219768,256,654,689,dem2180-duplicated-coords
575,760.0993315406125,2.05149751692079,1778.8089210894004,16.3251675440697,512,657,689,dem2180-duplicated-coords
576,5.041150160180691,0.11233807704411447,5.041986720045896,0.14828252105508,4,647,689,dem2180-duplicated-coords
577,4.3265799586860565,0.10938604804687202,4.3098254435720955,0.14377205003984272,8,655,689,dem2180-duplicated-coords
578,4.712176286168005,0.10953887400683016,4.700933049015809,0.15195960202254355,16,656,689,dem2180-duplicated-coords
579,4.774026331936337,0.11405981401912868,4.776678749447093,0.19897103507537395,32,661,689,dem2180-duplicated-coords
580,4.3731047771862945,0.14192804496269673,4.371370641744945,0.38620642002206296,64,655,689,dem2180-duplicated-coords
581,93.2923246786519,0.21711610304191709,7.487868729244003,1.0765708689577878,128,656,689,dem2180-duplicated-coords
582,253.214605599134,0.49999612499959767,446.3237575914748,3.793514998978935,256,653,689,dem2180-duplicated-coords
583,4554.032713234828,2.0722761900397018,1128.3763852359007,15.854879354941659,512,646,689,dem2180-duplicated-coords
584,4.525973571530157,0.10832509200554341,4.539228648897585,0.13966385903768241,4,656,689,dem2180-duplicated-coords
585,5.117039653233127,0.10245523101184517,5.1791715779541,0.1345753869973123,8,651,689,dem2180-duplicated-coords
586,4.020572521827888,0.10125131800305098,4.0257132423615865,0.14286630507558584,16,653,689,dem2180-duplicated-coords
587,5.117998532799624,0.10997506801504642,5.116199902060624,0.18994950701016933,32,651,689,dem2180-duplicated-coords
588,4.724073773486674,0.1353884490672499,4.722403080872258,0.3744378819828853,64,660,689,dem2180-duplicated-coords
589,133.70930041213936,0.20418177801184356,9.644585135704071,1.0559243500465527,128,648,689,dem2180-duplicated-coords
590,682.6110437406218,0.49869503802619874,296.5985010946068,3.712141889031045,256,661,689,dem2180-duplicated-coords
591,1047.5724903152002,1.9263767680386081,10772.384644864534,16.392942395992577,512,656,689,dem2180-duplicated-coords
592,4.939882681178672,0.11038063501473516,4.9735788107843995,0.1417208870407194,4,651,689,dem2180-duplicated-coords
593,5.178526708679021,0.10709541500546038,5.176830395931861,0.13896759797353297,8,663,689,dem2180-duplicated-coords
594,4.496538098098027,0.10940298403147608,4.504104311176206,0.1558385300450027,16,657,689,dem2180-duplicated-coords
595,4.807724885555017,0.11812418699264526,4.8042225601388,0.19648284593131393,32,648,689,dem2180-duplicated-coords
596,4.247210407151118,0.13958413701038808,4.2478484654747986,0.388079138007015,64,648,689,dem2180-duplicated-coords
597,26.693001549987443,0.2111674549523741,28.035589292278363,1.0693497279426083,128,649,689,dem2180-duplicated-coords
598,246.2120944189184,0.5153040719451383,241.2406756580255,3.774852118920535,256,649,689,dem2180-duplicated-coords
599,472.0759383808413,2.120143073028885,1407.581458555395,16.17262344993651,512,651,689,dem2180-duplicated-coords
600,5.460395339817975,0.11316006700508296,5.466781874041949,0.1474165340187028,4,653,689,dem2180-duplicated-coords
601,4.853934838590826,0.11154148611240089,4.846513990467918,0.1441381520126015,8,659,689,dem2180-duplicated-coords
602,4.534301054700043,0.10764784610364586,4.530303983901316,0.15158779604826123,16,651,689,dem2180-duplicated-coords
603,5.523103172042332,0.11588994204066694,5.520470160418735,0.20146531402133405,32,656,689,dem2180-duplicated-coords
604,4.432072290475309,0.14182722906116396,4.432458061755031,0.38614893599878997,64,646,689,dem2180-duplicated-coords
605,13.810921524323122,0.210252076969482,6.364257002494492,1.0780783399241045,128,652,689,dem2180-duplicated-coords
606,207.3654360874198,0.5116003539878875,779.4199144609717,3.8625075010349974,256,659,689,dem2180-duplicated-coords
607,225.9944653382278,2.0788423330523074,6477.522884249741,16.463157249963842,512,664,689,dem2180-duplicated-coords
608,5.403795422035562,0.1103249549632892,5.40707934456716,0.14223332703113556,4,660,689,dem2180-duplicated-coords
609,4.304245538154442,0.10464490600861609,4.311014266121221,0.1417082919506356,8,654,689,dem2180-duplicated-coords
610,4.0893368781678765,0.10386364301666617,4.0893019809729845,0.15106546005699784,16,653,689,dem2180-duplicated-coords
611,5.573328438673053,0.11404455010779202,5.572790875804813,0.1971367730293423,32,651,689,dem2180-duplicated-coords
612,3.9933198861300427,0.14036481804214418,3.9948052270596905,0.38984793797135353,64,654,689,dem2180-duplicated-coords
613,19.055689521094628,0.2162795860785991,13.275987289755967,1.087369129061699,128,658,689,dem2180-duplicated-coords
614,130.74508521617494,0.5026288529625162,342.7671691163817,3.911500740912743,256,658,689,dem2180-duplicated-coords
615,5306.676588524366,2.1962550919270143,744.2318453810864,16.48184134706389,512,652,689,dem2180-duplicated-coords
616,4.60467538868904,0.11227158200927079,4.606393593268236,0.14387719600927085,4,661,689,dem2180-duplicated-coords
617,4.730996113759708,0.10678629693575203,4.799959777105602,0.139978599967435,8,649,689,dem2180-duplicated-coords
618,5.039393778109181,0.10607422096654773,5.061185428240351,0.15296921296976507,16,653,689,dem2180-duplicated-coords
619,4.490272957731332,0.11529672599863261,4.4900833782067595,0.19679440802428871,32,661,689,dem2180-duplicated-coords
620,4.271293051911706,0.1387743049999699,4.273106854031039,0.4136882909806445,64,653,689,dem2180-duplicated-coords
621,5.469041150008862,0.2138921070145443,48.88969369223456,1.0914974180050194,128,658,689,dem2180-duplicated-coords
622,303.51694381104727,0.5015890869544819,4059.7820021573757,3.8586858729831874,256,650,689,dem2180-duplicated-coords
623,2392.301569031836,2.1255198910366744,450.6523684433488,16.44740057794843,512,658,689,dem2180-duplicated-coords
624,4.6999903521219135,0.11038980900775641,4.72087000427556,0.1434340439736843,4,654,689,dem2180-duplicated-coords
625,4.732639764083326,0.10582745797000825,4.733280199719715,0.13877627695910633,8,658,689,dem2180-duplicated-coords
626,4.7396894182476865,0.10778977500740439,4.736811381237221,0.14896538201719522,16,653,689,dem2180-duplicated-coords
627,4.857545445442245,0.11668642202857882,4.856528552315009,0.19771438697353005,32,658,689,dem2180-duplicated-coords
628,4.848505873529504,0.14574955205898732,4.849588686835804,0.3908983760047704,64,658,689,dem2180-duplicated-coords
629,66.96469719889262,0.21377839299384505,130.58076037859288,1.0815063470508903,128,658,689,dem2180-duplicated-coords
630,218.22021547809976,0.5046792679931968,1115.0402459660368,3.890832889941521,256,649,689,dem2180-duplicated-coords
631,536.5831945319254,2.130904602003284,1310.0296822307428,16.569338787929155,512,655,689,dem2180-duplicated-coords
632,5.120672254674938,0.10826121096033603,5.091522293847443,0.14180738804861903,4,644,689,dem2180-duplicated-coords
633,4.603012031473615,0.10888297401834279,4.607903322866208,0.14215480093844235,8,655,689,dem2180-duplicated-coords
634,4.590329822906803,0.10657620604615659,4.592610884275761,0.1540540880523622,16,653,689,dem2180-duplicated-coords
635,4.585736321868344,0.11347397801000625,4.582479541457829,0.19431739998981357,32,650,689,dem2180-duplicated-coords
636,4.382704043615347,0.14127405604813248,4.381837215707377,0.38623043696861714,64,648,689,dem2180-duplicated-coords
637,9.290763765130036,0.2140363350044936,7.891927026875034,1.1232942640781403,128,662,689,dem2180-duplicated-coords
638,329.05967233395523,0.513052677968517,923.9912158149007,3.8479658799478784,256,656,689,dem2180-duplicated-coords
639,750.8382226319219,2.1494755449239165,890.68333303717,16.564290249021724,512,655,689,dem2180-duplicated-coords
640,5.113518070347422,0.11212946800515056,5.0888034294965,0.14288207201752812,4,653,689,dem2180-duplicated-coords
641,4.6550662501952225,0.10815489699598402,4.6563154845289825,0.1413549039280042,8,653,689,dem2180-duplicated-coords
642,4.936760485500129,0.10979140701238066,4.940301115046927,0.1556674330495298,16,657,689,dem2180-duplicated-coords
643,5.272991158201678,0.11314350599423051,5.274269010860332,0.20186826400458813,32,657,689,dem2180-duplicated-coords
644,5.209206037584919,0.14202129002660513,5.208448162680357,0.3878490349743515,64,662,689,dem2180-duplicated-coords
645,13.482746018102672,0.21488684392534196,20.633771562987427,1.0835938639938831,128,652,689,dem2180-duplicated-coords
646,717.1518285646019,0.5402859199093655,238.37616638406237,3.839660556986928,256,656,689,dem2180-duplicated-coords
647,1040.6698589240734,2.138448190060444,3856.6421880060298,16.704098068992607,512,660,689,dem2180-duplicated-coords
648,4.583751075429447,0.11115065810736269,4.538544284994898,0.14332019805442542,4,648,689,dem2180-duplicated-coords
649,4.463262640634498,0.10605613398365676,4.488355148162622,0.13930306397378445,8,657,689,dem2180-duplicated-coords
650,4.70718243997738,0.10848457191605121,4.697487251756643,0.15075147501192987,16,661,689,dem2180-duplicated-coords
651,5.452237335972114,0.11397250299341977,5.449644626477434,0.19577682204544544,32,659,689,dem2180-duplicated-coords
652,4.902754387944829,0.14256984798703343,4.901088292661878,0.39133883209433407,64,658,689,dem2180-duplicated-coords
653,13.781978907833201,0.215244882972911,7.849039028856144,1.0871291370131075,128,657,689,dem2180-duplicated-coords
654,2029.6146918115505,0.5086121539352462,294.99376370654005,3.8666644979966804,256,660,689,dem2180-duplicated-coords
655,354.41847740998026,2.104402027092874,967.9707123886787,16.908565079094842,512,660,689,dem2180-duplicated-coords
656,4.60767930636308,0.11070890992414206,4.616093288165313,0.1402308070100844,4,667,689,dem2180-duplicated-coords
657,4.328565983277107,0.10519440600182861,4.3604956765066385,0.13893314904998988,8,663,689,dem2180-duplicated-coords
658,4.496345972858429,0.10302408400457352,4.502231950789012,0.1455855369567871,16,657,689,dem2180-duplicated-coords
659,4.010579845976439,0.11156042397487909,4.009529488260878,0.19399402500130236,32,663,689,dem2180-duplicated-coords
660,4.53697516830707,0.13713992503471673,4.538281815807409,0.38120620197150856,64,656,689,dem2180-duplicated-coords
661,51.4392301246107,0.21961790695786476,36.601622366863765,1.0650665590073913,128,650,689,dem2180-duplicated-coords
662,446.59287446658266,0.4965123540023342,623.5798457631688,3.963419151958078,256,649,689,dem2180-duplicated-coords
663,20421.994926834075,2.1689363829791546,594.4173897099497,18.188045072951354,512,659,689,dem2180-duplicated-coords
664,4.207733977711237,0.11725229094736278,4.206571487548792,0.14960850693751127,4,651,689,dem2180-duplicated-coords
665,4.701172201953457,0.10821187100373209,4.6974451304338825,0.15014150901697576,8,664,689,dem2180-duplicated-coords
666,4.84148959718075,0.12340348097495735,4.844277457582579,0.16180971509311348,16,655,689,dem2180-duplicated-coords
667,4.096454898022368,0.14189239696133882,4.0936696936213,0.21411776007153094,32,652,689,dem2180-duplicated-coords
668,5.102943540792263,0.14230122894514352,5.103027533044964,0.38743895501829684,64,658,689,dem2180-duplicated-coords
669,159.49099770420005,0.22269059298560023,49.66676536814275,1.181605653022416,128,660,689,dem2180-duplicated-coords
670,426.79325831365395,0.7437216469552368,2378.3597458609615,5.979099176940508,256,645,689,dem2180-duplicated-coords
671,1382.906654214693,4.405939865973778,895.289655559341,20.282466950942762,512,656,689,dem2180-duplicated-coords
672,4.948531378226088,0.1445157570997253,4.963114396460433,0.16561702906619757,4,646,689,dem2180-duplicated-coords
673,4.6407369612475655,0.11445915803778917,4.639206539442453,0.15135496307630092,8,658,689,dem2180-duplicated-coords
674,4.897436180644453,0.11752215796150267,4.911187233654054,0.1668457209598273,16,655,689,dem2180-duplicated-coords
675,4.528328239184404,0.13380022102501243,4.528246276080392,0.2224405249580741,32,647,689,dem2180-duplicated-coords
676,4.648808612372329,0.16566720709670335,4.649725281573944,0.4341417260002345,64,657,689,dem2180-duplicated-coords
677,39.41030605576357,0.25587358395569026,312.2684535375154,1.2229324529180303,128,654,689,dem2180-duplicated-coords
678,527.2769828395526,0.5445804189657792,563.5440893175103,4.136314486968331,256,653,689,dem2180-duplicated-coords
679,141164.36811918975,2.588641297072172,866.1772730272595,21.15563648904208,512,652,689,dem2180-duplicated-coords
680,4.336646102696898,0.13471808505710214,4.287098111039379,0.17610385606531054,4,654,689,dem2180-duplicated-coords
681,4.535481904131638,0.1351554209832102,4.60639529079777,0.18245471396949142,8,657,689,dem2180-duplicated-coords
682,4.864742197192142,0.14513211406301707,4.88020439631913,0.1972480749245733,16,651,689,dem2180-duplicated-coords
683,4.308525605528392,0.17439593700692058,4.313819199228262,0.2757551419781521,32,663,689,dem2180-duplicated-coords
684,5.058941470525974,0.2198807429522276,5.058955564354015,0.5628457909915596,64,649,689,dem2180-duplicated-coords
685,14.316564230400651,0.2864340580999851,166.14056876826183,1.3734425801085308,128,652,689,dem2180-duplicated-coords
686,5552.957850468655,0.6437527569942176,670.1903125115327,5.248682725941762,256,649,689,dem2180-duplicated-coords
687,836.0970440138924,2.2397058060159907,1917.6174790829957,23.471284997998737,512,656,689,dem2180-duplicated-coords
688,4.572583217148653,0.14308669604361057,4.588366114775845,0.19834599294699728,4,652,689,dem2180-duplicated-coords
689,5.049536486316337,0.1563839539885521,5.049490175139318,0.32100361096672714,8,657,689,dem2180-duplicated-coords
690,5.156447727579741,0.40479938802309334,5.1468147191203855,0.4534775170031935,16,652,689,dem2180-duplicated-coords
691,5.5706838578420355,0.23915509006474167,5.572984932531995,0.3265550909563899,32,661,689,dem2180-duplicated-coords
692,4.5138931358138805,0.22663294104859233,4.513465821952953,0.6060800750274211,64,661,689,dem2180-duplicated-coords
693,7.210700496558287,0.3402179640252143,49.034078205154714,1.6152568149846047,128,656,689,dem2180-duplicated-coords
694,148.71335814589727,0.7801031969720498,419.3581116323442,5.213360779103823,256,662,689,dem2180-duplicated-coords
695,1110.9405075134803,2.5970505280420184,444.5889353836246,20.77288151101675,512,648,689,dem2180-duplicated-coords
696,4.340675607245496,0.12711782404221594,4.348814077336732,0.16524867701809853,4,659,689,dem2180-duplicated-coords
697,4.067805451268084,0.12792454299051315,4.090654533144604,0.17803040391299874,8,647,689,dem2180-duplicated-coords
698,4.55301667438985,0.12710100295953453,4.544867256739636,0.18541481893043965,16,657,689,dem2180-duplicated-coords
699,4.841091925979299,0.15715240605641156,4.845008310231462,0.2534655249910429,32,660,689,dem2180-duplicated-coords
700,4.4005153814538716,0.1884172329446301,4.4010190767866915,0.4973440649919212,64,656,689,dem2180-duplicated-coords
701,6.4927608964081385,0.2766268060076982,5.649201938448293,1.4186625779839233,128,661,689,dem2180-duplicated-coords
702,1320.8094361799833,0.6651362150441855,159.04687079356202,4.807279119035229,256,655,689,dem2180-duplicated-coords
703,548.6088735036119,2.3691473569488153,1976.765686779412,20.358868118957616,512,661,689,dem2180-duplicated-coords
704,5.821125463946925,0.1374901469098404,5.709688573643243,0.17535267095081508,4,649,689,dem2180-duplicated-coords
705,4.102710557709359,0.1341065380256623,4.158903712501103,0.18357520597055554,8,642,689,dem2180-duplicated-coords
706,4.16341831055918,0.138704260927625,4.173764529039059,0.20079815993085504,16,658,689,dem2180-duplicated-coords
707,4.168488364921882,0.15430894203018397,4.170036164473506,0.25809888110961765,32,654,689,dem2180-duplicated-coords
708,4.590734323620814,0.1824772759573534,4.589357231060035,0.5021391070913523,64,646,689,dem2180-duplicated-coords
709,20.238460429648388,0.2757747629657388,20.58449506480626,1.3890579920262098,128,657,689,dem2180-duplicated-coords
710,1083.5582676994584,0.5846678160596639,281.3872090807737,4.676076613017358,256,650,689,dem2180-duplicated-coords
711,1437.7181328630736,2.6406362429261208,601.2540744729889,19.130000097909942,512,657,689,dem2180-duplicated-coords
712,4.732423507786525,0.13937768491450697,4.7479921874247335,0.18003098503686488,4,657,689,dem2180-duplicated-coords
713,4.0212617604794145,0.13936037209350616,4.046206298265467,0.1819218510063365,8,653,689,dem2180-duplicated-coords
714,4.572207105395098,0.1415967430220917,4.575654549491587,0.2032734570093453,16,659,689,dem2180-duplicated-coords
715,5.4098320334786045,0.1648601460037753,5.415241042647012,0.27815319097135216,32,652,689,dem2180-duplicated-coords
716,4.77209696912606,0.20302170503418893,4.770985961536213,0.5259140090784058,64,656,689,dem2180-duplicated-coords
717,6.875695492984915,0.3273945359978825,6.261656603666292,1.5557104640174657,128,658,689,dem2180-duplicated-coords
718,469.76176043835403,0.7093555940082297,1724.2197437936925,4.997965201968327,256,655,689,dem2180-duplicated-coords
719,727.496330800203,3.5036918089026585,708.158866380812,20.781059265020303,512,653,689,dem2180-duplicated-coords
720,4.675488323735467,0.1286365259438753,4.7139439717617595,0.16751134803052992,4,660,689,dem2180-duplicated-coords
721,4.773206203684866,0.12650567293167114,4.794683384265604,0.16821866494137794,8,655,689,dem2180-duplicated-coords
722,4.584828687947967,0.1241010419325903,4.596544141350958,0.17868571903090924,16,647,689,dem2180-duplicated-coords
723,3.875080809225386,0.14101614896208048,3.874380961772819,0.2424074219306931,32,650,689,dem2180-duplicated-coords
724,4.061265113638228,0.1725530179683119,4.0614455200215644,0.46118228894192725,64,651,689,dem2180-duplicated-coords
725,8.730714893345315,0.25676694500725716,24.045076271472517,1.2758722950238734,128,662,689,dem2180-duplicated-coords
726,319.01539976174683,0.5441224070964381,766.7904608574263,4.572281974018551,256,661,689,dem2180-duplicated-coords
727,1299.3479829942312,2.894664469989948,2138.1767335464156,21.23628994403407,512,650,689,dem2180-duplicated-coords
728,5.061860192381138,0.14963723998516798,5.086853408488874,0.17783475096803159,4,656,689,dem2180-duplicated-coords
729,4.734713307874818,0.13558869890403003,4.80420589045995,0.1704369210638106,8,664,689,dem2180-duplicated-coords
730,4.463402704724549,0.1321915240259841,4.46057021374183,0.2532818189356476,16,651,689,dem2180-duplicated-coords
731,5.021861834681089,0.14776643202640116,5.015444608149029,0.24552378500811756,32,651,689,dem2180-duplicated-coords
732,4.524431568206117,0.20250578096602112,4.524889032840694,0.5428197250002995,64,646,689,dem2180-duplicated-coords
733,16.84796356225506,0.2824330920120701,630.7889130432203,1.5217206700472161,128,655,689,dem2180-duplicated-coords
734,634.081452513996,0.8377904249355197,700.2868932142295,4.186708647990599,256,660,689,dem2180-duplicated-coords
735,260.7667334455412,2.063982422929257,420.52918073429197,18.526059799012728,512,654,689,dem2180-duplicated-coords
736,4.546481299900746,0.1279374910518527,4.68868520502475,0.16758846398442984,4,660,689,dem2180-duplicated-coords
737,4.3659615105453025,0.12953186593949795,4.3693654441378005,0.1732333559775725,8,662,689,dem2180-duplicated-coords
738,4.350491951343559,0.12958072707988322,4.343946684839368,0.18593781103845686,16,661,689,dem2180-duplicated-coords
739,5.262754866698983,0.14804565405938774,5.260847704643365,0.25206517893821,32,661,689,dem2180-duplicated-coords
740,4.55154755062228,0.17973611096385866,4.551648134364288,0.4951509840320796,64,644,689,dem2180-duplicated-coords
741,18.691524749649766,0.2744067560415715,373.2241880252798,1.3397842909907922,128,650,689,dem2180-duplicated-coords
742,549.2821404124223,0.5751790669746697,1142.2894967367663,4.581818234990351,256,655,689,dem2180-duplicated-coords
743,2422.9711847060803,2.2306548139313236,2600.8977042049646,18.84183925203979,512,650,689,dem2180-duplicated-coords
744,5.140411682730748,0.1292802490061149,5.1495823292623815,0.16979097109287977,4,652,689,dem2180-duplicated-coords
745,4.743579821999663,0.13067937805317342,4.730179963263721,0.17629014805424958,8,653,689,dem2180-duplicated-coords
746,4.067325208262393,0.1338806179119274,4.078255364066886,0.19377462996635586,16,643,689,dem2180-duplicated-coords
747,4.754514250608701,0.15715774707496166,4.762587874534768,0.26388786593452096,32,653,689,dem2180-duplicated-coords
748,4.638698419724979,0.1932003339752555,4.638916417823878,0.5184871039818972,64,649,689,dem2180-duplicated-coords
749,40.244636623436925,0.29475424892734736,22.496176616549857,1.4913027419243008,128,650,689,dem2180-duplicated-coords
750,479.9454254755309,0.7019579410552979,247.95127961346935,5.378113446990028,256,657,689,dem2180-duplicated-coords
751,1799.0609618463488,3.519744115998037,625.7731074544067,19.309867862029932,512,658,689,dem2180-duplicated-coords
752,5.041058305929442,0.11926007794681937,5.044253287344792,0.1547067619394511,4,652,689,dem2180-duplicated-coords
753,4.2962310432280475,0.12179622706025839,4.300809313281741,0.1616588010219857,8,668,689,dem2180-duplicated-coords
754,4.266860454564229,0.11977097194176167,4.260558087024548,0.17217167594935745,16,655,689,dem2180-duplicated-coords
755,4.345602308465403,0.13674538605846465,4.354691226580593,0.23087522701825947,32,656,689,dem2180-duplicated-coords
756,4.365074753665325,0.16289512207731605,4.3661633135013105,0.4398394349263981,64,656,689,dem2180-duplicated-coords
757,11.735632688695633,0.24267141404561698,128.79043301356165,1.242917294963263,128,657,689,dem2180-duplicated-coords
758,108.48976462513029,0.527594430022873,392.70331044310626,4.081169500015676,256,660,689,dem2180-duplicated-coords
759,11465.414843675562,2.1647565430030227,2519.1064204469026,17.020871614920907,512,655,689,dem2180-duplicated-coords
760,4.947789022044846,0.12347185797989368,4.998764507214226,0.16149665298871696,4,660,689,dem2180-duplicated-coords
761,4.583797687116421,0.12082917697262019,4.587539100220442,0.16571177903097123,8,662,689,dem2180-duplicated-coords
762,4.455280611155069,0.12394916010089219,4.461381896816021,0.18061312602367252,16,666,689,dem2180-duplicated-coords
763,4.7986286583019355,0.1425310829654336,4.792753385316022,0.24774387292563915,32,652,689,dem2180-duplicated-coords
764,4.794379801421097,0.17287376604508609,4.794879648298591,0.4600282160099596,64,661,689,dem2180-duplicated-coords
765,15.147105698459546,0.2572618500562385,8.871708110595042,1.2318632859969512,128,656,689,dem2180-duplicated-coords
766,2054.9655444477135,0.5538004731060937,830.3340622252177,4.0325543149374425,256,655,689,dem2180-duplicated-coords
767,380.1689884729216,2.2727365540340543,1323.131003885881,21.3564406610094,512,660,689,dem2180-duplicated-coords
768,5.106979194382726,0.15897064201999456,5.115830321856573,0.20905392896384,4,655,689,dem2180-duplicated-coords
769,5.117626446288731,0.13866815296933055,5.09466685715385,0.18345557898283005,8,658,689,dem2180-duplicated-coords
770,4.9499111645339235,0.1384644069476053,4.956351435742168,0.21245442796498537,16,650,689,dem2180-duplicated-coords
771,3.9398084758447576,0.1859541549347341,3.936586000943621,0.2656013559317216,32,656,689,dem2180-duplicated-coords
772,4.285786802774284,0.258572103921324,4.286917151938413,0.5577474299352616,64,655,689,dem2180-duplicated-coords
773,20.974411277468946,0.3012579189380631,13.905898282493906,1.415256628068164,128,662,689,dem2180-duplicated-coords
774,1716.9786476695456,0.6811280139954761,201.34250322248892,4.9578521410003304,256,666,689,dem2180-duplicated-coords
775,1496.0193651814404,2.3030105750076473,4984.577966839301,20.736098409979604,512,651,689,dem2180-duplicated-coords
776,4.842799051072653,0.13004524691496044,4.820445043648893,0.16572483000345528,4,663,689,dem2180-duplicated-coords
777,4.55711319213521,0.12776734796352684,4.570263876012485,0.17512509797234088,8,661,689,dem2180-duplicated-coords
778,4.750000507432571,0.13122727198060602,4.737554102971935,0.18811760400421917,16,654,689,dem2180-duplicated-coords
779,4.44811212537573,0.14428282401058823,4.442235062170641,0.2452827850356698,32,649,689,dem2180-duplicated-coords
780,4.253746771030881,0.17362270201556385,4.253077052048344,0.4687566430075094,64,645,689,dem2180-duplicated-coords
781,62.87633662908816,0.26297963492106646,29.42607446632937,1.2549882739549503,128,653,689,dem2180-duplicated-coords
782,319.61387061131774,0.5531994069460779,12871.51117593689,4.014741373015568,256,655,689,dem2180-duplicated-coords
783,406.06357360483617,2.027539910050109,361.9766201851208,16.634216240025125,512,653,689,dem2180-duplicated-coords
784,5.206667220243796,0.11605173209682107,5.209309492602366,0.15488923504017293,4,651,689,dem2180-duplicated-coords
785,4.822197918362346,0.11628522805403918,4.8045578451196125,0.18026496202219278,8,663,689,dem2180-duplicated-coords
786,4.618012117239066,0.124895652057603,4.623304555590761,0.17880955699365586,16,662,689,dem2180-duplicated-coords
787,3.9812876995389446,0.1437412410741672,3.9814439280209935,0.2425123369321227,32,660,689,dem2180-duplicated-coords
788,4.412937653831068,0.18187255295924842,4.41270280625805,0.47563117602840066,64,655,689,dem2180-duplicated-coords
789,20.050933616811413,0.2477036730851978,7.546389975585063,1.2322962830075994,128,670,689,dem2180-duplicated-coords
790,285.28461156435066,0.5504170729545876,525.8108728382566,4.056916177039966,256,660,689,dem2180-duplicated-coords
791,623.686358772029,2.008848814992234,2056.649986701939,18.89175987802446,512,660,689,dem2180-duplicated-coords
792,4.992900574403677,0.1346920969663188,4.964467462293643,0.17491613898891956,4,656,689,dem2180-duplicated-coords
793,4.74396301411416,0.13545429392252117,4.780851010466312,0.18294100696220994,8,654,689,dem2180-duplicated-coords
794,4.943590533368408,0.1402839960064739,4.947553876980132,0.19854486000258476,16,650,689,dem2180-duplicated-coords
795,4.467041237058034,0.1676764820003882,4.46876433398698,0.2750486379954964,32,660,689,dem2180-duplicated-coords
796,4.599582051724754,0.20075214805547148,4.601530312207753,0.540934837074019,64,653,689,dem2180-duplicated-coords
797,17.918249566689937,0.298493396025151,103.24234091193344,1.455976730096154,128,657,689,dem2180-duplicated-coords
798,129.43932337417215,0.6573227039771155,166.68247489708725,4.853788445005193,256,656,689,dem2180-duplicated-coords
799,1155.364472460663,2.545718820998445,514.5707986616733,19.823485182016157,512,646,689,dem2180-duplicated-coords
